CS_Site_ID,ERF_ID,Cutoff_Dist,Max_Lat,Max_Lat_Source_ID,Max_Lat_Rupture_ID,Max_Lon,Max_Lon_Source_ID,Max_Lon_Rupture_ID,Min_Lat,Min_Lat_Source_ID,Min_Lat_Rupture_ID,Min_Lon,Min_Lon_Source_ID,Min_Lon_Rupture_ID
1000,100,200,64.136,1606,56,-19.752,1570,54,63.81,14,50,-22.751,14,50
1001,100,200,64.136,1606,56,-19.752,1570,54,63.81,14,50,-22.751,14,50
1002,100,200,64.136,1606,56,-19.752,1570,54,63.81,14,50,-22.751,14,50
1003,100,200,64.136,1606,56,-19.752,1570,54,63.81,14,50,-22.751,14,50
1004,100,200,64.136,1606,56,-19.752,1570,54,63.81,14,50,-22.751,14,50
1005,100,200,64.136,1606,56,-19.752,1570,54,63.81,14,50,-22.751,14,50
1006,100,200,64.136,1606,56,-19.752,1570,54,63.81,14,50,-22.751,14,50
1007,100,200,64.136,1606,56,-19.752,1570,54,63.81,14,50,-22.751,14,50
1008,100,200,64.136,1606,56,-19.752,1570,54,63.81,14,50,-22.751,14,50
1009,100,200,64.136,1606,56,-19.752,1570,54,63.81,14,50,-22.751,14,50
1010,100,200,64.136,1606,56,-19.752,1570,54,63.81,14,50,-22.751,14,50
1011,100,200,64.136,1606,56,-19.752,1570,54,63.81,14,50,-22.751,14,50
1012,100,200,64.136,1606,56,-19.752,1570,54,63.81,14,50,-22.751,14,50
1013,100,200,64.136,1606,56,-19.752,1570,54,63.81,14,50,-22.751,14,50
1014,100,200,64.136,1606,56,-19.752,1570,54,63.81,14,50,-22.751,14,50
1015,100,200,64.136,1606,56,-19.752,1570,54,63.81,14,50,-22.751,14,50
1016,100,200,64.136,1606,56,-19.752,1570,54,63.81,14,50,-22.751,14,50
1017,100,200,64.136,1606,56,-19.752,1570,54,63.81,14,50,-22.751,14,50
1018,100,200,64.136,1606,56,-19.752,1570,54,63.81,14,50,-22.751,14,50
1019,100,200,64.136,1606,56,-19.752,1570,54,63.81,14,50,-22.751,14,50
1020,100,200,64.136,1606,56,-19.752,1570,54,63.81,14,50,-22.751,14,50
1021,100,200,64.136,1606,56,-19.752,1570,54,63.81,14,50,-22.751,14,50
1022,100,200,64.136,1606,56,-19.752,1570,54,63.81,14,50,-22.751,14,50
1023,100,200,64.136,1606,56,-19.752,1570,54,63.81,14,50,-22.751,14,50
1024,100,200,64.136,1606,56,-19.752,1570,54,63.81,14,50,-22.751,14,50
1025,100,200,64.136,1606,56,-19.752,1570,54,63.81,14,50,-22.751,14,50
1026,100,200,64.136,1606,56,-19.752,1570,54,63.81,14,50,-22.751,14,50
1027,100,200,64.136,1606,56,-19.752,1570,54,63.81,14,50,-22.751,14,50
1028,100,200,64.136,1606,56,-19.752,1570,54,63.81,14,50,-22.751,14,50
1029,100,200,64.136,1606,56,-19.752,1570,54,63.81,14,50,-22.751,14,50
1030,100,200,64.136,1606,56,-19.752,1570,54,63.81,14,50,-22.751,14,50
1031,100,200,64.136,1606,56,-19.752,1570,54,63.81,14,50,-22.751,14,50
1032,100,200,64.136,1606,56,-19.752,1570,54,63.81,14,50,-22.751,14,50
1033,100,200,64.136,1606,56,-19.752,1570,54,63.81,14,50,-22.751,14,50
1034,100,200,64.136,1606,56,-19.752,1570,54,63.81,14,50,-22.751,14,50
1035,100,200,64.136,1606,56,-19.752,1570,54,63.81,14,50,-22.751,14,50
1036,100,200,64.136,1606,56,-19.752,1570,54,63.81,14,50,-22.751,14,50
1037,100,200,64.136,1606,56,-19.752,1570,54,63.81,14,50,-22.751,14,50
1038,100,200,64.136,1606,56,-19.752,1570,54,63.81,14,50,-22.751,14,50
1039,100,200,64.136,1606,56,-19.752,1570,54,63.81,14,50,-22.751,14,50
1040,100,200,64.136,1606,56,-19.752,1570,54,63.81,14,50,-22.751,14,50
1041,100,200,64.136,1606,56,-19.752,1570,54,63.81,14,50,-22.751,14,50
1042,100,200,64.136,1606,56,-19.752,1570,54,63.81,14,50,-22.751,14,50
1043,100,200,64.136,1606,56,-19.752,1570,54,63.81,14,50,-22.751,14,50
1044,100,200,64.136,1606,56,-19.752,1570,54,63.81,14,50,-22.751,14,50
1045,100,200,64.136,1606,56,-19.752,1570,54,63.81,14,50,-22.751,14,50
1046,100,200,64.136,1606,56,-19.752,1570,54,63.81,14,50,-22.751,14,50
1047,100,200,64.136,1606,56,-19.752,1570,54,63.81,14,50,-22.751,14,50
1048,100,200,64.136,1606,56,-19.752,1570,54,63.81,14,50,-22.751,14,50
1049,100,200,64.136,1606,56,-19.752,1570,54,63.81,14,50,-22.751,14,50
1050,100,200,64.136,1606,56,-19.752,1570,54,63.81,14,50,-22.751,14,50
1051,100,200,64.136,1606,56,-19.752,1570,54,63.81,14,50,-22.751,14,50
1052,100,200,64.136,1606,56,-19.752,1570,54,63.81,14,50,-22.751,14,50
1053,100,200,64.136,1606,56,-19.752,1570,54,63.81,14,50,-22.751,14,50
1054,100,200,64.136,1606,56,-19.752,1570,54,63.81,14,50,-22.751,14,50
1055,100,200,64.136,1606,56,-19.752,1570,54,63.81,14,50,-22.751,14,50
1056,100,200,64.136,1606,56,-19.752,1570,54,63.81,14,50,-22.751,14,50
1057,100,200,64.136,1606,56,-19.752,1570,54,63.81,14,50,-22.751,14,50
1058,100,200,64.136,1606,56,-19.752,1570,54,63.81,14,50,-22.751,14,50
1059,100,200,64.136,1606,56,-19.752,1570,54,63.81,14,50,-22.751,14,50
1060,100,200,64.136,1606,56,-19.752,1570,54,63.81,14,50,-22.751,14,50
1061,100,200,64.136,1606,56,-19.752,1570,54,63.81,14,50,-22.751,14,50
1062,100,200,64.136,1606,56,-19.752,1570,54,63.81,14,50,-22.751,14,50
1063,100,200,64.136,1606,56,-19.752,1570,54,63.81,14,50,-22.751,14,50
1064,100,200,64.136,1606,56,-19.752,1570,54,63.81,14,50,-22.751,14,50
1065,100,200,64.136,1606,56,-19.752,1570,54,63.81,14,50,-22.751,14,50
1066,100,200,64.136,1606,56,-19.752,1570,54,63.81,14,50,-22.751,14,50
1067,100,200,64.136,1606,56,-19.752,1570,54,63.81,14,50,-22.751,14,50
1068,100,200,64.136,1606,56,-19.752,1570,54,63.81,14,50,-22.751,14,50
1069,100,200,64.136,1606,56,-19.752,1570,54,63.81,14,50,-22.751,14,50
1070,100,200,64.136,1606,56,-19.752,1570,54,63.81,14,50,-22.751,14,50
1071,100,200,64.136,1606,56,-19.752,1570,54,63.81,14,50,-22.751,14,50
1072,100,200,64.136,1606,56,-19.752,1570,54,63.81,14,50,-22.751,14,50
1073,100,200,64.136,1606,56,-19.752,1570,54,63.81,14,50,-22.751,14,50
1074,100,200,64.136,1606,56,-19.752,1570,54,63.81,14,50,-22.751,14,50
1075,100,200,64.136,1606,56,-19.752,1570,54,63.81,14,50,-22.751,14,50
1076,100,200,64.136,1606,56,-19.752,1570,54,63.81,14,50,-22.751,14,50
1077,100,200,64.136,1606,56,-19.752,1570,54,63.81,14,50,-22.751,14,50
1078,100,200,64.136,1606,56,-19.752,1570,54,63.81,14,50,-22.751,14,50
1079,100,200,64.136,1606,56,-19.752,1570,54,63.81,14,50,-22.751,14,50
1080,100,200,64.136,1606,56,-19.752,1570,54,63.81,14,50,-22.751,14,50
1081,100,200,64.136,1606,56,-19.752,1570,54,63.81,14,50,-22.751,14,50
1082,100,200,64.136,1606,56,-19.752,1570,54,63.81,14,50,-22.751,14,50
1083,100,200,64.136,1606,56,-19.752,1570,54,63.81,14,50,-22.751,14,50
1084,100,200,64.136,1606,56,-19.752,1570,54,63.81,14,50,-22.751,14,50
1085,100,200,64.136,1606,56,-19.752,1570,54,63.81,14,50,-22.751,14,50
1086,100,200,64.136,1606,56,-19.752,1570,54,63.81,14,50,-22.751,14,50
1087,100,200,64.136,1606,56,-19.752,1570,54,63.81,14,50,-22.751,14,50
1088,100,200,64.136,1606,56,-19.752,1570,54,63.81,14,50,-22.751,14,50
1089,100,200,64.136,1606,56,-19.752,1570,54,63.81,14,50,-22.751,14,50
1090,100,200,64.136,1606,56,-19.752,1570,54,63.81,14,50,-22.751,14,50
1091,100,200,64.136,1606,56,-19.752,1570,54,63.81,14,50,-22.751,14,50
1092,100,200,64.136,1606,56,-19.752,1570,54,63.81,14,50,-22.751,14,50
1093,100,200,64.136,1606,56,-19.752,1570,54,63.81,14,50,-22.751,14,50
1094,100,200,64.136,1606,56,-19.752,1570,54,63.81,14,50,-22.751,14,50
1095,100,200,64.136,1606,56,-19.752,1570,54,63.81,14,50,-22.751,14,50
1096,100,200,64.136,1606,56,-19.752,1570,54,63.81,14,50,-22.751,14,50
1097,100,200,64.136,1606,56,-19.752,1570,54,63.81,14,50,-22.751,14,50
1098,100,200,64.136,1606,56,-19.752,1570,54,63.81,14,50,-22.751,14,50
1099,100,200,64.136,1606,56,-19.752,1570,54,63.81,14,50,-22.751,14,50
1100,100,200,64.136,1606,56,-19.752,1570,54,63.81,14,50,-22.751,14,50
1101,100,200,64.136,1606,56,-19.752,1570,54,63.81,14,50,-22.751,14,50
1102,100,200,64.136,1606,56,-19.752,1570,54,63.81,14,50,-22.751,14,50
1103,100,200,64.136,1606,56,-19.752,1570,54,63.81,14,50,-22.751,14,50
1104,100,200,64.136,1606,56,-19.752,1570,54,63.81,14,50,-22.751,14,50
1105,100,200,64.136,1606,56,-19.752,1570,54,63.81,14,50,-22.751,14,50
1106,100,200,64.136,1606,56,-19.752,1570,54,63.81,14,50,-22.751,14,50
1107,100,200,64.136,1606,56,-19.752,1570,54,63.81,14,50,-22.751,14,50
1108,100,200,64.136,1606,56,-19.752,1570,54,63.81,14,50,-22.751,14,50
1109,100,200,64.136,1606,56,-19.752,1570,54,63.81,14,50,-22.751,14,50
1110,100,200,64.136,1606,56,-19.752,1570,54,63.81,14,50,-22.751,14,50
1111,100,200,64.136,1606,56,-19.752,1570,54,63.81,14,50,-22.751,14,50
1112,100,200,64.136,1606,56,-19.752,1570,54,63.81,14,50,-22.751,14,50
1113,100,200,64.136,1606,56,-19.752,1570,54,63.81,14,50,-22.751,14,50
1114,100,200,64.136,1606,56,-19.752,1570,54,63.81,14,50,-22.751,14,50
1115,100,200,64.136,1606,56,-19.752,1570,54,63.81,14,50,-22.751,14,50
1116,100,200,64.136,1606,56,-19.752,1570,54,63.81,14,50,-22.751,14,50
1117,100,200,64.136,1606,56,-19.752,1570,54,63.81,14,50,-22.751,14,50
1118,100,200,64.136,1606,56,-19.752,1570,54,63.81,14,50,-22.751,14,50
1119,100,200,64.136,1606,56,-19.752,1570,54,63.81,14,50,-22.751,14,50
1120,100,200,64.136,1606,56,-19.752,1570,54,63.81,14,50,-22.751,14,50
1121,100,200,64.136,1606,56,-19.752,1570,54,63.81,14,50,-22.751,14,50
1122,100,200,64.136,1606,56,-19.752,1570,54,63.81,14,50,-22.751,14,50
1123,100,200,64.136,1606,56,-19.752,1570,54,63.81,14,50,-22.751,14,50
1124,100,200,64.136,1606,56,-19.752,1570,54,63.81,14,50,-22.751,14,50
1125,100,200,64.136,1606,56,-19.752,1570,54,63.81,14,50,-22.751,14,50
1126,100,200,64.136,1606,56,-19.752,1570,54,63.81,14,50,-22.751,14,50
1127,100,200,64.136,1606,56,-19.752,1570,54,63.81,14,50,-22.751,14,50
1128,100,200,64.136,1606,56,-19.752,1570,54,63.81,14,50,-22.751,14,50
1129,100,200,64.136,1606,56,-19.752,1570,54,63.81,14,50,-22.751,14,50
1130,100,200,64.136,1606,56,-19.752,1570,54,63.81,14,50,-22.751,14,50
1131,100,200,64.136,1606,56,-19.752,1570,54,63.81,14,50,-22.751,14,50
1132,100,200,64.136,1606,56,-19.752,1570,54,63.81,14,50,-22.751,14,50
1133,100,200,64.136,1606,56,-19.752,1570,54,63.81,14,50,-22.751,14,50
1134,100,200,64.136,1606,56,-19.752,1570,54,63.81,14,50,-22.751,14,50
1135,100,200,64.136,1606,56,-19.752,1570,54,63.81,14,50,-22.751,14,50
1136,100,200,64.136,1606,56,-19.752,1570,54,63.81,14,50,-22.751,14,50
1137,100,200,64.136,1606,56,-19.752,1570,54,63.81,14,50,-22.751,14,50
1138,100,200,64.136,1606,56,-19.752,1570,54,63.81,14,50,-22.751,14,50
1139,100,200,64.136,1606,56,-19.752,1570,54,63.81,14,50,-22.751,14,50
1140,100,200,64.136,1606,56,-19.752,1570,54,63.81,14,50,-22.751,14,50
1141,100,200,64.136,1606,56,-19.752,1570,54,63.81,14,50,-22.751,14,50
1142,100,200,64.136,1606,56,-19.752,1570,54,63.81,14,50,-22.751,14,50
1143,100,200,64.136,1606,56,-19.752,1570,54,63.81,14,50,-22.751,14,50
1144,100,200,64.136,1606,56,-19.752,1570,54,63.81,14,50,-22.751,14,50
1145,100,200,64.136,1606,56,-19.752,1570,54,63.81,14,50,-22.751,14,50
1146,100,200,64.136,1606,56,-19.752,1570,54,63.81,14,50,-22.751,14,50
1147,100,200,64.136,1606,56,-19.752,1570,54,63.81,14,50,-22.751,14,50
1148,100,200,64.136,1606,56,-19.752,1570,54,63.81,14,50,-22.751,14,50
1149,100,200,64.136,1606,56,-19.752,1570,54,63.81,14,50,-22.751,14,50
1150,100,200,64.136,1606,56,-19.752,1570,54,63.81,14,50,-22.751,14,50
1151,100,200,64.136,1606,56,-19.752,1570,54,63.81,14,50,-22.751,14,50
1152,100,200,64.136,1606,56,-19.752,1570,54,63.81,14,50,-22.751,14,50
1153,100,200,64.136,1606,56,-19.752,1570,54,63.81,14,50,-22.751,14,50
1154,100,200,64.136,1606,56,-19.752,1570,54,63.81,14,50,-22.751,14,50
1155,100,200,64.136,1606,56,-19.752,1570,54,63.81,14,50,-22.751,14,50
1156,100,200,64.136,1606,56,-19.752,1570,54,63.81,14,50,-22.751,14,50
1157,100,200,64.136,1606,56,-19.752,1570,54,63.81,14,50,-22.751,14,50
1158,100,200,64.136,1606,56,-19.752,1570,54,63.81,14,50,-22.751,14,50
1159,100,200,64.136,1606,56,-19.752,1570,54,63.81,14,50,-22.751,14,50
1160,100,200,64.136,1606,56,-19.752,1570,54,63.81,14,50,-22.751,14,50
1161,100,200,64.136,1606,56,-19.752,1570,54,63.81,14,50,-22.751,14,50
1162,100,200,64.136,1606,56,-19.752,1570,54,63.81,14,50,-22.751,14,50
1163,100,200,64.136,1606,56,-19.752,1570,54,63.81,14,50,-22.751,14,50
1164,100,200,64.136,1606,56,-19.752,1570,54,63.81,14,50,-22.751,14,50
1165,100,200,64.136,1606,56,-19.752,1570,54,63.81,14,50,-22.751,14,50
1166,100,200,64.136,1606,56,-19.752,1570,54,63.81,14,50,-22.751,14,50
1167,100,200,64.136,1606,56,-19.752,1570,54,63.81,14,50,-22.751,14,50
1168,100,200,64.136,1606,56,-19.752,1570,54,63.81,14,50,-22.751,14,50
1169,100,200,64.136,1606,56,-19.752,1570,54,63.81,14,50,-22.751,14,50
1170,100,200,64.136,1606,56,-19.752,1570,54,63.81,14,50,-22.751,14,50
1171,100,200,64.136,1606,56,-19.752,1570,54,63.81,14,50,-22.751,14,50
1172,100,200,64.136,1606,56,-19.752,1570,54,63.81,14,50,-22.751,14,50
1173,100,200,64.136,1606,56,-19.752,1570,54,63.81,14,50,-22.751,14,50
1174,100,200,64.136,1606,56,-19.752,1570,54,63.81,14,50,-22.751,14,50
1175,100,200,64.136,1606,56,-19.752,1570,54,63.81,14,50,-22.751,14,50
1176,100,200,64.136,1606,56,-19.752,1570,54,63.81,14,50,-22.751,14,50
1177,100,200,64.136,1606,56,-19.752,1570,54,63.81,14,50,-22.751,14,50
1178,100,200,64.136,1606,56,-19.752,1570,54,63.81,14,50,-22.751,14,50
1179,100,200,64.136,1606,56,-19.752,1570,54,63.81,14,50,-22.751,14,50
1180,100,200,64.136,1606,56,-19.752,1570,54,63.81,14,50,-22.751,14,50
1181,100,200,64.136,1606,56,-19.752,1570,54,63.81,14,50,-22.751,14,50
1182,100,200,64.136,1606,56,-19.752,1570,54,63.81,14,50,-22.751,14,50
1183,100,200,64.136,1606,56,-19.752,1570,54,63.81,14,50,-22.751,14,50
1184,100,200,64.136,1606,56,-19.752,1570,54,63.81,14,50,-22.751,14,50
1185,100,200,64.136,1606,56,-19.752,1570,54,63.81,14,50,-22.751,14,50
1186,100,200,64.136,1606,56,-19.752,1570,54,63.81,14,50,-22.751,14,50
1187,100,200,64.136,1606,56,-19.752,1570,54,63.81,14,50,-22.751,14,50
1188,100,200,64.136,1606,56,-19.752,1570,54,63.81,14,50,-22.751,14,50
1189,100,200,64.136,1606,56,-19.752,1570,54,63.81,14,50,-22.751,14,50
1190,100,200,64.136,1606,56,-19.752,1570,54,63.81,14,50,-22.751,14,50
1191,100,200,64.136,1606,56,-19.752,1570,54,63.81,14,50,-22.751,14,50
1192,100,200,64.136,1606,56,-19.752,1570,54,63.81,14,50,-22.751,14,50
1193,100,200,64.136,1606,56,-19.752,1570,54,63.81,14,50,-22.751,14,50
1194,100,200,64.136,1606,56,-19.752,1570,54,63.81,14,50,-22.751,14,50
1195,100,200,64.136,1606,56,-19.752,1570,54,63.81,14,50,-22.751,14,50
1196,100,200,64.136,1606,56,-19.752,1570,54,63.81,14,50,-22.751,14,50
1197,100,200,64.136,1606,56,-19.752,1570,54,63.81,14,50,-22.751,14,50
1198,100,200,64.136,1606,56,-19.752,1570,54,63.81,14,50,-22.751,14,50
1199,100,200,64.136,1606,56,-19.752,1570,54,63.81,14,50,-22.751,14,50
1200,100,200,64.136,1606,56,-19.752,1570,54,63.81,14,50,-22.751,14,50
1201,100,200,64.136,1606,56,-19.752,1570,54,63.81,14,50,-22.751,14,50
1202,100,200,64.136,1606,56,-19.752,1570,54,63.81,14,50,-22.751,14,50
1203,100,200,64.136,1606,56,-19.752,1570,54,63.81,14,50,-22.751,14,50
1204,100,200,64.136,1606,56,-19.752,1570,54,63.81,14,50,-22.751,14,50
1205,100,200,64.136,1606,56,-19.752,1570,54,63.81,14,50,-22.751,14,50
1206,100,200,64.136,1606,56,-19.752,1570,54,63.81,14,50,-22.751,14,50
1207,100,200,64.136,1606,56,-19.752,1570,54,63.81,14,50,-22.751,14,50
1208,100,200,64.136,1606,56,-19.752,1570,54,63.81,14,50,-22.751,14,50
1209,100,200,64.136,1606,56,-19.752,1570,54,63.81,14,50,-22.751,14,50
1210,100,200,64.136,1606,56,-19.752,1570,54,63.81,14,50,-22.751,14,50
1211,100,200,64.136,1606,56,-19.752,1570,54,63.81,14,50,-22.751,14,50
1212,100,200,64.136,1606,56,-19.752,1570,54,63.81,14,50,-22.751,14,50
1213,100,200,64.136,1606,56,-19.752,1570,54,63.81,14,50,-22.751,14,50
1214,100,200,64.136,1606,56,-19.752,1570,54,63.81,14,50,-22.751,14,50
1215,100,200,64.136,1606,56,-19.752,1570,54,63.81,14,50,-22.751,14,50
1216,100,200,64.136,1606,56,-19.752,1570,54,63.81,14,50,-22.751,14,50
1217,100,200,64.136,1606,56,-19.752,1570,54,63.81,14,50,-22.751,14,50
1218,100,200,64.136,1606,56,-19.752,1570,54,63.81,14,50,-22.751,14,50
1219,100,200,64.136,1606,56,-19.752,1570,54,63.81,14,50,-22.751,14,50
1220,100,200,64.136,1606,56,-19.752,1570,54,63.81,14,50,-22.751,14,50
1221,100,200,64.136,1606,56,-19.752,1570,54,63.81,14,50,-22.751,14,50
1222,100,200,64.136,1606,56,-19.752,1570,54,63.81,14,50,-22.751,14,50
1223,100,200,64.136,1606,56,-19.752,1570,54,63.81,14,50,-22.751,14,50
1224,100,200,64.136,1606,56,-19.752,1570,54,63.81,14,50,-22.751,14,50
1225,100,200,64.136,1606,56,-19.752,1570,54,63.81,14,50,-22.751,14,50
1226,100,200,64.136,1606,56,-19.752,1570,54,63.81,14,50,-22.751,14,50
1227,100,200,64.136,1606,56,-19.752,1570,54,63.81,14,50,-22.751,14,50
1228,100,200,64.136,1606,56,-19.752,1570,54,63.81,14,50,-22.751,14,50
1229,100,200,64.136,1606,56,-19.752,1570,54,63.81,14,50,-22.751,14,50
1230,100,200,64.136,1606,56,-19.752,1570,54,63.81,14,50,-22.751,14,50
1231,100,200,64.136,1606,56,-19.752,1570,54,63.81,14,50,-22.751,14,50
1232,100,200,64.136,1606,56,-19.752,1570,54,63.81,14,50,-22.751,14,50
1233,100,200,64.136,1606,56,-19.752,1570,54,63.81,14,50,-22.751,14,50
1234,100,200,64.136,1606,56,-19.752,1570,54,63.81,14,50,-22.751,14,50
1235,100,200,64.136,1606,56,-19.752,1570,54,63.81,14,50,-22.751,14,50
1236,100,200,64.136,1606,56,-19.752,1570,54,63.81,14,50,-22.751,14,50
1237,100,200,64.136,1606,56,-19.752,1570,54,63.81,14,50,-22.751,14,50
1238,100,200,64.136,1606,56,-19.752,1570,54,63.81,14,50,-22.751,14,50
1239,100,200,64.136,1606,56,-19.752,1570,54,63.81,14,50,-22.751,14,50
1240,100,200,64.136,1606,56,-19.752,1570,54,63.81,14,50,-22.751,14,50
1241,100,200,64.136,1606,56,-19.752,1570,54,63.81,14,50,-22.751,14,50
1242,100,200,64.136,1606,56,-19.752,1570,54,63.81,14,50,-22.751,14,50
1243,100,200,64.136,1606,56,-19.752,1570,54,63.81,14,50,-22.751,14,50
1244,100,200,64.136,1606,56,-19.752,1570,54,63.81,14,50,-22.751,14,50
1245,100,200,64.136,1606,56,-19.752,1570,54,63.81,14,50,-22.751,14,50
1246,100,200,64.136,1606,56,-19.752,1570,54,63.81,14,50,-22.751,14,50
1247,100,200,64.136,1606,56,-19.752,1570,54,63.81,14,50,-22.751,14,50
1248,100,200,64.136,1606,56,-19.752,1570,54,63.81,14,50,-22.751,14,50
1249,100,200,64.136,1606,56,-19.752,1570,54,63.81,14,50,-22.751,14,50
1250,100,200,64.136,1606,56,-19.752,1570,54,63.81,14,50,-22.751,14,50
1251,100,200,64.136,1606,56,-19.752,1570,54,63.81,14,50,-22.751,14,50
1252,100,200,64.136,1606,56,-19.752,1570,54,63.81,14,50,-22.751,14,50
1253,100,200,64.136,1606,56,-19.752,1570,54,63.81,14,50,-22.751,14,50
1254,100,200,64.136,1606,56,-19.752,1570,54,63.81,14,50,-22.751,14,50
1255,100,200,64.136,1606,56,-19.752,1570,54,63.81,14,50,-22.751,14,50
1256,100,200,64.136,1606,56,-19.752,1570,54,63.81,14,50,-22.751,14,50
1257,100,200,64.136,1606,56,-19.752,1570,54,63.81,14,50,-22.751,14,50
1258,100,200,64.136,1606,56,-19.752,1570,54,63.81,14,50,-22.751,14,50
1259,100,200,64.136,1606,56,-19.752,1570,54,63.81,14,50,-22.751,14,50
1260,100,200,64.136,1606,56,-19.752,1570,54,63.81,14,50,-22.751,14,50
1261,100,200,64.136,1606,56,-19.752,1570,54,63.81,14,50,-22.751,14,50
1262,100,200,64.136,1606,56,-19.752,1570,54,63.81,14,50,-22.751,14,50
1263,100,200,64.136,1606,56,-19.752,1570,54,63.81,14,50,-22.751,14,50
1264,100,200,64.136,1606,56,-19.752,1570,54,63.81,14,50,-22.751,14,50
1265,100,200,64.136,1606,56,-19.752,1570,54,63.81,14,50,-22.751,14,50
1266,100,200,64.136,1606,56,-19.752,1570,54,63.81,14,50,-22.751,14,50
1267,100,200,64.136,1606,56,-19.752,1570,54,63.81,14,50,-22.751,14,50
1268,100,200,64.136,1606,56,-19.752,1570,54,63.81,14,50,-22.751,14,50
1269,100,200,64.136,1606,56,-19.752,1570,54,63.81,14,50,-22.751,14,50
1270,100,200,64.136,1606,56,-19.752,1570,54,63.81,14,50,-22.751,14,50
1271,100,200,64.136,1606,56,-19.752,1570,54,63.81,14,50,-22.751,14,50
1272,100,200,64.136,1606,56,-19.752,1570,54,63.81,14,50,-22.751,14,50
1273,100,200,64.136,1606,56,-19.752,1570,54,63.81,14,50,-22.751,14,50
1274,100,200,64.136,1606,56,-19.752,1570,54,63.81,14,50,-22.751,14,50
1275,100,200,64.136,1606,56,-19.752,1570,54,63.81,14,50,-22.751,14,50
1276,100,200,64.136,1606,56,-19.752,1570,54,63.81,14,50,-22.751,14,50
1277,100,200,64.136,1606,56,-19.752,1570,54,63.81,14,50,-22.751,14,50
1278,100,200,64.136,1606,56,-19.752,1570,54,63.81,14,50,-22.751,14,50
1279,100,200,64.136,1606,56,-19.752,1570,54,63.81,14,50,-22.751,14,50
1280,100,200,64.136,1606,56,-19.752,1570,54,63.81,14,50,-22.751,14,50
1281,100,200,64.136,1606,56,-19.752,1570,54,63.81,14,50,-22.751,14,50
1282,100,200,64.136,1606,56,-19.752,1570,54,63.81,14,50,-22.751,14,50
1283,100,200,64.136,1606,56,-19.752,1570,54,63.81,14,50,-22.751,14,50
1284,100,200,64.136,1606,56,-19.752,1570,54,63.81,14,50,-22.751,14,50
1285,100,200,64.136,1606,56,-19.752,1570,54,63.81,14,50,-22.751,14,50
1286,100,200,64.136,1606,56,-19.752,1570,54,63.81,14,50,-22.751,14,50
1287,100,200,64.136,1606,56,-19.752,1570,54,63.81,14,50,-22.751,14,50
1288,100,200,64.136,1606,56,-19.752,1570,54,63.81,14,50,-22.751,14,50
1289,100,200,64.136,1606,56,-19.752,1570,54,63.81,14,50,-22.751,14,50
1290,100,200,64.136,1606,56,-19.752,1570,54,63.81,14,50,-22.751,14,50
1291,100,200,64.136,1606,56,-19.752,1570,54,63.81,14,50,-22.751,14,50
1292,100,200,64.136,1606,56,-19.752,1570,54,63.81,14,50,-22.751,14,50
1293,100,200,64.136,1606,56,-19.752,1570,54,63.81,14,50,-22.751,14,50
1294,100,200,64.136,1606,56,-19.752,1570,54,63.81,14,50,-22.751,14,50
1295,100,200,64.136,1606,56,-19.752,1570,54,63.81,14,50,-22.751,14,50
1296,100,200,64.136,1606,56,-19.752,1570,54,63.81,14,50,-22.751,14,50
1297,100,200,64.136,1606,56,-19.752,1570,54,63.81,14,50,-22.751,14,50
1298,100,200,64.136,1606,56,-19.752,1570,54,63.81,14,50,-22.751,14,50
1299,100,200,64.136,1606,56,-19.752,1570,54,63.81,14,50,-22.751,14,50
1300,100,200,64.136,1606,56,-19.752,1570,54,63.81,14,50,-22.751,14,50
1301,100,200,64.136,1606,56,-19.752,1570,54,63.81,14,50,-22.751,14,50
1302,100,200,64.136,1606,56,-19.752,1570,54,63.81,14,50,-22.751,14,50
1303,100,200,64.136,1606,56,-19.752,1570,54,63.81,14,50,-22.751,14,50
1304,100,200,64.136,1606,56,-19.752,1570,54,63.81,14,50,-22.751,14,50
1305,100,200,64.136,1606,56,-19.752,1570,54,63.81,14,50,-22.751,14,50
1306,100,200,64.136,1606,56,-19.752,1570,54,63.81,14,50,-22.751,14,50
1307,100,200,64.136,1606,56,-19.752,1570,54,63.81,14,50,-22.751,14,50
1308,100,200,64.136,1606,56,-19.752,1570,54,63.81,14,50,-22.751,14,50
1309,100,200,64.136,1606,56,-19.752,1570,54,63.81,14,50,-22.751,14,50
1310,100,200,64.136,1606,56,-19.752,1570,54,63.81,14,50,-22.751,14,50
1311,100,200,64.136,1606,56,-19.752,1570,54,63.81,14,50,-22.751,14,50
1312,100,200,64.136,1606,56,-19.752,1570,54,63.81,14,50,-22.751,14,50
1313,100,200,64.136,1606,56,-19.752,1570,54,63.81,14,50,-22.751,14,50
1314,100,200,64.136,1606,56,-19.752,1570,54,63.81,14,50,-22.751,14,50
1315,100,200,64.136,1606,56,-19.752,1570,54,63.81,14,50,-22.751,14,50
1316,100,200,64.136,1606,56,-19.752,1570,54,63.81,14,50,-22.751,14,50
1317,100,200,64.136,1606,56,-19.752,1570,54,63.81,14,50,-22.751,14,50
1318,100,200,64.136,1606,56,-19.752,1570,54,63.81,14,50,-22.751,14,50
1319,100,200,64.136,1606,56,-19.752,1570,54,63.81,14,50,-22.751,14,50
1320,100,200,64.136,1606,56,-19.752,1570,54,63.81,14,50,-22.751,14,50
1321,100,200,64.136,1606,56,-19.752,1570,54,63.81,14,50,-22.751,14,50
1322,100,200,64.136,1606,56,-19.752,1570,54,63.81,14,50,-22.751,14,50
1323,100,200,64.136,1606,56,-19.752,1570,54,63.81,14,50,-22.751,14,50
1324,100,200,64.136,1606,56,-19.752,1570,54,63.81,14,50,-22.751,14,50
1325,100,200,64.136,1606,56,-19.752,1570,54,63.81,14,50,-22.751,14,50
1326,100,200,64.136,1606,56,-19.752,1570,54,63.81,14,50,-22.751,14,50
1327,100,200,64.136,1606,56,-19.752,1570,54,63.81,14,50,-22.751,14,50
1328,100,200,64.136,1606,56,-19.752,1570,54,63.81,14,50,-22.751,14,50
1329,100,200,64.136,1606,56,-19.752,1570,54,63.81,14,50,-22.751,14,50
1330,100,200,64.136,1606,56,-19.752,1570,54,63.81,14,50,-22.751,14,50
1331,100,200,64.136,1606,56,-19.752,1570,54,63.81,14,50,-22.751,14,50
1332,100,200,64.136,1606,56,-19.752,1570,54,63.81,14,50,-22.751,14,50
1333,100,200,64.136,1606,56,-19.752,1570,54,63.81,14,50,-22.751,14,50
1334,100,200,64.136,1606,56,-19.752,1570,54,63.81,14,50,-22.751,14,50
1335,100,200,64.136,1606,56,-19.752,1570,54,63.81,14,50,-22.751,14,50
1336,100,200,64.136,1606,56,-19.752,1570,54,63.81,14,50,-22.751,14,50
1337,100,200,64.136,1606,56,-19.752,1570,54,63.81,14,50,-22.751,14,50
1338,100,200,64.136,1606,56,-19.752,1570,54,63.81,14,50,-22.751,14,50
1339,100,200,64.136,1606,56,-19.752,1570,54,63.81,14,50,-22.751,14,50
1340,100,200,64.136,1606,56,-19.752,1570,54,63.81,14,50,-22.751,14,50
1341,100,200,64.136,1606,56,-19.752,1570,54,63.81,14,50,-22.751,14,50
1342,100,200,64.136,1606,56,-19.752,1570,54,63.81,14,50,-22.751,14,50
1343,100,200,64.136,1606,56,-19.752,1570,54,63.81,14,50,-22.751,14,50
1344,100,200,64.136,1606,56,-19.752,1570,54,63.81,14,50,-22.751,14,50
1345,100,200,64.136,1606,56,-19.752,1570,54,63.81,14,50,-22.751,14,50
1346,100,200,64.136,1606,56,-19.752,1570,54,63.81,14,50,-22.751,14,50
1347,100,200,64.136,1606,56,-19.752,1570,54,63.81,14,50,-22.751,14,50
1348,100,200,64.136,1606,56,-19.752,1570,54,63.81,14,50,-22.751,14,50
1349,100,200,64.136,1606,56,-19.752,1570,54,63.81,14,50,-22.751,14,50
1350,100,200,64.136,1606,56,-19.752,1570,54,63.81,14,50,-22.751,14,50
1351,100,200,64.136,1606,56,-19.752,1570,54,63.81,14,50,-22.751,14,50
1352,100,200,64.136,1606,56,-19.752,1570,54,63.81,14,50,-22.751,14,50
1353,100,200,64.136,1606,56,-19.752,1570,54,63.81,14,50,-22.751,14,50
1354,100,200,64.136,1606,56,-19.752,1570,54,63.81,14,50,-22.751,14,50
1355,100,200,64.136,1606,56,-19.752,1570,54,63.81,14,50,-22.751,14,50
1356,100,200,64.136,1606,56,-19.752,1570,54,63.81,14,50,-22.751,14,50
1357,100,200,64.136,1606,56,-19.752,1570,54,63.81,14,50,-22.751,14,50
1358,100,200,64.136,1606,56,-19.752,1570,54,63.81,14,50,-22.751,14,50
1359,100,200,64.136,1606,56,-19.752,1570,54,63.81,14,50,-22.751,14,50
1360,100,200,64.136,1606,56,-19.752,1570,54,63.81,14,50,-22.751,14,50
1361,100,200,64.136,1606,56,-19.752,1570,54,63.81,14,50,-22.751,14,50
1362,100,200,64.136,1606,56,-19.752,1570,54,63.81,14,50,-22.751,14,50
1363,100,200,64.136,1606,56,-19.752,1570,54,63.81,14,50,-22.751,14,50
1364,100,200,64.136,1606,56,-19.752,1570,54,63.81,14,50,-22.751,14,50
1365,100,200,64.136,1606,56,-19.752,1570,54,63.81,14,50,-22.751,14,50
1366,100,200,64.136,1606,56,-19.752,1570,54,63.81,14,50,-22.751,14,50
1367,100,200,64.136,1606,56,-19.752,1570,54,63.81,14,50,-22.751,14,50
1368,100,200,64.136,1606,56,-19.752,1570,54,63.81,14,50,-22.751,14,50
1369,100,200,64.136,1606,56,-19.752,1570,54,63.81,14,50,-22.751,14,50
1370,100,200,64.136,1606,56,-19.752,1570,54,63.81,14,50,-22.751,14,50
1371,100,200,64.136,1606,56,-19.752,1570,54,63.81,14,50,-22.751,14,50
1372,100,200,64.136,1606,56,-19.752,1570,54,63.81,14,50,-22.751,14,50
1373,100,200,64.136,1606,56,-19.752,1570,54,63.81,14,50,-22.751,14,50
1374,100,200,64.136,1606,56,-19.752,1570,54,63.81,14,50,-22.751,14,50
1375,100,200,64.136,1606,56,-19.752,1570,54,63.81,14,50,-22.751,14,50
1376,100,200,64.136,1606,56,-19.752,1570,54,63.81,14,50,-22.751,14,50
1377,100,200,64.136,1606,56,-19.752,1570,54,63.81,14,50,-22.751,14,50
1378,100,200,64.136,1606,56,-19.752,1570,54,63.81,14,50,-22.751,14,50
1379,100,200,64.136,1606,56,-19.752,1570,54,63.81,14,50,-22.751,14,50
1380,100,200,64.136,1606,56,-19.752,1570,54,63.81,14,50,-22.751,14,50
1381,100,200,64.136,1606,56,-19.752,1570,54,63.81,14,50,-22.751,14,50
1382,100,200,64.136,1606,56,-19.752,1570,54,63.81,14,50,-22.751,14,50
1383,100,200,64.136,1606,56,-19.752,1570,54,63.81,14,50,-22.751,14,50
1384,100,200,64.136,1606,56,-19.752,1570,54,63.81,14,50,-22.751,14,50
1385,100,200,64.136,1606,56,-19.752,1570,54,63.81,14,50,-22.751,14,50
1386,100,200,64.136,1606,56,-19.752,1570,54,63.81,14,50,-22.751,14,50
1387,100,200,64.136,1606,56,-19.752,1570,54,63.81,14,50,-22.751,14,50
1388,100,200,64.136,1606,56,-19.752,1570,54,63.81,14,50,-22.751,14,50
1389,100,200,64.136,1606,56,-19.752,1570,54,63.81,14,50,-22.751,14,50
1390,100,200,64.136,1606,56,-19.752,1570,54,63.81,14,50,-22.751,14,50
1391,100,200,64.136,1606,56,-19.752,1570,54,63.81,14,50,-22.751,14,50
1392,100,200,64.136,1606,56,-19.752,1570,54,63.81,14,50,-22.751,14,50
1393,100,200,64.136,1606,56,-19.752,1570,54,63.81,14,50,-22.751,14,50
1394,100,200,64.136,1606,56,-19.752,1570,54,63.81,14,50,-22.751,14,50
1395,100,200,64.136,1606,56,-19.752,1570,54,63.81,14,50,-22.751,14,50
1396,100,200,64.136,1606,56,-19.752,1570,54,63.81,14,50,-22.751,14,50
1397,100,200,64.136,1606,56,-19.752,1570,54,63.81,14,50,-22.751,14,50
1398,100,200,64.136,1606,56,-19.752,1570,54,63.81,14,50,-22.751,14,50
1399,100,200,64.136,1606,56,-19.752,1570,54,63.81,14,50,-22.751,14,50
1400,100,200,64.136,1606,56,-19.752,1570,54,63.81,14,50,-22.751,14,50
1401,100,200,64.136,1606,56,-19.752,1570,54,63.81,14,50,-22.751,14,50
1402,100,200,64.136,1606,56,-19.752,1570,54,63.81,14,50,-22.751,14,50
1403,100,200,64.136,1606,56,-19.752,1570,54,63.81,14,50,-22.751,14,50
1404,100,200,64.136,1606,56,-19.752,1570,54,63.81,14,50,-22.751,14,50
1405,100,200,64.136,1606,56,-19.752,1570,54,63.81,14,50,-22.751,14,50
1406,100,200,64.136,1606,56,-19.752,1570,54,63.81,14,50,-22.751,14,50
1407,100,200,64.136,1606,56,-19.752,1570,54,63.81,14,50,-22.751,14,50
1408,100,200,64.136,1606,56,-19.752,1570,54,63.81,14,50,-22.751,14,50
1409,100,200,64.136,1606,56,-19.752,1570,54,63.81,14,50,-22.751,14,50
1410,100,200,64.136,1606,56,-19.752,1570,54,63.81,14,50,-22.751,14,50
1411,100,200,64.136,1606,56,-19.752,1570,54,63.81,14,50,-22.751,14,50
1412,100,200,64.136,1606,56,-19.752,1570,54,63.81,14,50,-22.751,14,50
1413,100,200,64.136,1606,56,-19.752,1570,54,63.81,14,50,-22.751,14,50
1414,100,200,64.136,1606,56,-19.752,1570,54,63.81,14,50,-22.751,14,50
1415,100,200,64.136,1606,56,-19.752,1570,54,63.81,14,50,-22.751,14,50
1416,100,200,64.136,1606,56,-19.752,1570,54,63.81,14,50,-22.751,14,50
1417,100,200,64.136,1606,56,-19.752,1570,54,63.81,14,50,-22.751,14,50
1418,100,200,64.136,1606,56,-19.752,1570,54,63.81,14,50,-22.751,14,50
1419,100,200,64.136,1606,56,-19.752,1570,54,63.81,14,50,-22.751,14,50
1420,100,200,64.136,1606,56,-19.752,1570,54,63.81,14,50,-22.751,14,50
1421,100,200,64.136,1606,56,-19.752,1570,54,63.81,14,50,-22.751,14,50
1422,100,200,64.136,1606,56,-19.752,1570,54,63.81,14,50,-22.751,14,50
1423,100,200,64.136,1606,56,-19.752,1570,54,63.81,14,50,-22.751,14,50
1424,100,200,64.136,1606,56,-19.752,1570,54,63.81,14,50,-22.751,14,50
1425,100,200,64.136,1606,56,-19.752,1570,54,63.81,14,50,-22.751,14,50
1426,100,200,64.136,1606,56,-19.752,1570,54,63.81,14,50,-22.751,14,50
1427,100,200,64.136,1606,56,-19.752,1570,54,63.81,14,50,-22.751,14,50
1428,100,200,64.136,1606,56,-19.752,1570,54,63.81,14,50,-22.751,14,50
1429,100,200,64.136,1606,56,-19.752,1570,54,63.81,14,50,-22.751,14,50
1430,100,200,64.136,1606,56,-19.752,1570,54,63.81,14,50,-22.751,14,50
1431,100,200,64.136,1606,56,-19.752,1570,54,63.81,14,50,-22.751,14,50
1432,100,200,64.136,1606,56,-19.752,1570,54,63.81,14,50,-22.751,14,50
1433,100,200,64.136,1606,56,-19.752,1570,54,63.81,14,50,-22.751,14,50
1434,100,200,64.136,1606,56,-19.752,1570,54,63.81,14,50,-22.751,14,50
1435,100,200,64.136,1606,56,-19.752,1570,54,63.81,14,50,-22.751,14,50
1436,100,200,64.136,1606,56,-19.752,1570,54,63.81,14,50,-22.751,14,50
1437,100,200,64.136,1606,56,-19.752,1570,54,63.81,14,50,-22.751,14,50
1438,100,200,64.136,1606,56,-19.752,1570,54,63.81,14,50,-22.751,14,50
1439,100,200,64.136,1606,56,-19.752,1570,54,63.81,14,50,-22.751,14,50
1440,100,200,64.136,1606,56,-19.752,1570,54,63.81,14,50,-22.751,14,50
1441,100,200,64.136,1606,56,-19.752,1570,54,63.81,14,50,-22.751,14,50
1442,100,200,64.136,1606,56,-19.752,1570,54,63.81,14,50,-22.751,14,50
1443,100,200,64.136,1606,56,-19.752,1570,54,63.81,14,50,-22.751,14,50
1444,100,200,64.136,1606,56,-19.752,1570,54,63.81,14,50,-22.751,14,50
1445,100,200,64.136,1606,56,-19.752,1570,54,63.81,14,50,-22.751,14,50
1446,100,200,64.136,1606,56,-19.752,1570,54,63.81,14,50,-22.751,14,50
1447,100,200,64.136,1606,56,-19.752,1570,54,63.81,14,50,-22.751,14,50
1448,100,200,64.136,1606,56,-19.752,1570,54,63.81,14,50,-22.751,14,50
1449,100,200,64.136,1606,56,-19.752,1570,54,63.81,14,50,-22.751,14,50
1450,100,200,64.136,1606,56,-19.752,1570,54,63.81,14,50,-22.751,14,50
1451,100,200,64.136,1606,56,-19.752,1570,54,63.81,14,50,-22.751,14,50
1452,100,200,64.136,1606,56,-19.752,1570,54,63.81,14,50,-22.751,14,50
1453,100,200,64.136,1606,56,-19.752,1570,54,63.81,14,50,-22.751,14,50
1454,100,200,64.136,1606,56,-19.752,1570,54,63.81,14,50,-22.751,14,50
1455,100,200,64.136,1606,56,-19.752,1570,54,63.81,14,50,-22.751,14,50
1456,100,200,64.136,1606,56,-19.752,1570,54,63.81,14,50,-22.751,14,50
1457,100,200,64.136,1606,56,-19.752,1570,54,63.81,14,50,-22.751,14,50
1458,100,200,64.136,1606,56,-19.752,1570,54,63.81,14,50,-22.751,14,50
1459,100,200,64.136,1606,56,-19.752,1570,54,63.81,14,50,-22.751,14,50
1460,100,200,64.136,1606,56,-19.752,1570,54,63.81,14,50,-22.751,14,50
1461,100,200,64.136,1606,56,-19.752,1570,54,63.81,14,50,-22.751,14,50
1462,100,200,64.136,1606,56,-19.752,1570,54,63.81,14,50,-22.751,14,50
1463,100,200,64.136,1606,56,-19.752,1570,54,63.81,14,50,-22.751,14,50
1464,100,200,64.136,1606,56,-19.752,1570,54,63.81,14,50,-22.751,14,50
1465,100,200,64.136,1606,56,-19.752,1570,54,63.81,14,50,-22.751,14,50
1466,100,200,64.136,1606,56,-19.752,1570,54,63.81,14,50,-22.751,14,50
1467,100,200,64.136,1606,56,-19.752,1570,54,63.81,14,50,-22.751,14,50
1468,100,200,64.136,1606,56,-19.752,1570,54,63.81,14,50,-22.751,14,50
1469,100,200,64.136,1606,56,-19.752,1570,54,63.81,14,50,-22.751,14,50
1470,100,200,64.136,1606,56,-19.752,1570,54,63.81,14,50,-22.751,14,50
1471,100,200,64.136,1606,56,-19.752,1570,54,63.81,14,50,-22.751,14,50
1472,100,200,64.136,1606,56,-19.752,1570,54,63.81,14,50,-22.751,14,50
1473,100,200,64.136,1606,56,-19.752,1570,54,63.81,14,50,-22.751,14,50
1474,100,200,64.136,1606,56,-19.752,1570,54,63.81,14,50,-22.751,14,50
1475,100,200,64.136,1606,56,-19.752,1570,54,63.81,14,50,-22.751,14,50
1476,100,200,64.136,1606,56,-19.752,1570,54,63.81,14,50,-22.751,14,50
1477,100,200,64.136,1606,56,-19.752,1570,54,63.81,14,50,-22.751,14,50
1478,100,200,64.136,1606,56,-19.752,1570,54,63.81,14,50,-22.751,14,50
1479,100,200,64.136,1606,56,-19.752,1570,54,63.81,14,50,-22.751,14,50
1480,100,200,64.136,1606,56,-19.752,1570,54,63.81,14,50,-22.751,14,50
1481,100,200,64.136,1606,56,-19.752,1570,54,63.81,14,50,-22.751,14,50
1482,100,200,64.136,1606,56,-19.752,1570,54,63.81,14,50,-22.751,14,50
1483,100,200,64.136,1606,56,-19.752,1570,54,63.81,14,50,-22.751,14,50
1484,100,200,64.136,1606,56,-19.752,1570,54,63.81,14,50,-22.751,14,50
1485,100,200,64.136,1606,56,-19.752,1570,54,63.81,14,50,-22.751,14,50
1486,100,200,64.136,1606,56,-19.752,1570,54,63.81,14,50,-22.751,14,50
1487,100,200,64.136,1606,56,-19.752,1570,54,63.81,14,50,-22.751,14,50
1488,100,200,64.136,1606,56,-19.752,1570,54,63.81,14,50,-22.751,14,50
1489,100,200,64.136,1606,56,-19.752,1570,54,63.81,14,50,-22.751,14,50
1490,100,200,64.136,1606,56,-19.752,1570,54,63.81,14,50,-22.751,14,50
1491,100,200,64.136,1606,56,-19.752,1570,54,63.81,14,50,-22.751,14,50
1492,100,200,64.136,1606,56,-19.752,1570,54,63.81,14,50,-22.751,14,50
1493,100,200,64.136,1606,56,-19.752,1570,54,63.81,14,50,-22.751,14,50
1494,100,200,64.136,1606,56,-19.752,1570,54,63.81,14,50,-22.751,14,50
1495,100,200,64.136,1606,56,-19.752,1570,54,63.81,14,50,-22.751,14,50
1496,100,200,64.136,1606,56,-19.752,1570,54,63.81,14,50,-22.751,14,50
1497,100,200,64.136,1606,56,-19.752,1570,54,63.81,14,50,-22.751,14,50
1498,100,200,64.136,1606,56,-19.752,1570,54,63.81,14,50,-22.751,14,50
1499,100,200,64.136,1606,56,-19.752,1570,54,63.81,14,50,-22.751,14,50
1500,100,200,64.136,1606,56,-19.752,1570,54,63.81,14,50,-22.751,14,50
1501,100,200,64.136,1606,56,-19.752,1570,54,63.81,14,50,-22.751,14,50
1502,100,200,64.136,1606,56,-19.752,1570,54,63.81,14,50,-22.751,14,50
1503,100,200,64.136,1606,56,-19.752,1570,54,63.81,14,50,-22.751,14,50
1504,100,200,64.136,1606,56,-19.752,1570,54,63.81,14,50,-22.751,14,50
1505,100,200,64.136,1606,56,-19.752,1570,54,63.81,14,50,-22.751,14,50
1506,100,200,64.136,1606,56,-19.752,1570,54,63.81,14,50,-22.751,14,50
1507,100,200,64.136,1606,56,-19.752,1570,54,63.81,14,50,-22.751,14,50
1508,100,200,64.136,1606,56,-19.752,1570,54,63.81,14,50,-22.751,14,50
1509,100,200,64.136,1606,56,-19.752,1570,54,63.81,14,50,-22.751,14,50
1510,100,200,64.136,1606,56,-19.752,1570,54,63.81,14,50,-22.751,14,50
1511,100,200,64.136,1606,56,-19.752,1570,54,63.81,14,50,-22.751,14,50
1512,100,200,64.136,1606,56,-19.752,1570,54,63.81,14,50,-22.751,14,50
1513,100,200,64.136,1606,56,-19.752,1570,54,63.81,14,50,-22.751,14,50
1514,100,200,64.136,1606,56,-19.752,1570,54,63.81,14,50,-22.751,14,50
1515,100,200,64.136,1606,56,-19.752,1570,54,63.81,14,50,-22.751,14,50
1516,100,200,64.136,1606,56,-19.752,1570,54,63.81,14,50,-22.751,14,50
1517,100,200,64.136,1606,56,-19.752,1570,54,63.81,14,50,-22.751,14,50
1518,100,200,64.136,1606,56,-19.752,1570,54,63.81,14,50,-22.751,14,50
1519,100,200,64.136,1606,56,-19.752,1570,54,63.81,14,50,-22.751,14,50
1520,100,200,64.136,1606,56,-19.752,1570,54,63.81,14,50,-22.751,14,50
1521,100,200,64.136,1606,56,-19.752,1570,54,63.81,14,50,-22.751,14,50
1522,100,200,64.136,1606,56,-19.752,1570,54,63.81,14,50,-22.751,14,50
1523,100,200,64.136,1606,56,-19.752,1570,54,63.81,14,50,-22.751,14,50
1524,100,200,64.136,1606,56,-19.752,1570,54,63.81,14,50,-22.751,14,50
1525,100,200,64.136,1606,56,-19.752,1570,54,63.81,14,50,-22.751,14,50
1526,100,200,64.136,1606,56,-19.752,1570,54,63.81,14,50,-22.751,14,50
1527,100,200,64.136,1606,56,-19.752,1570,54,63.81,14,50,-22.751,14,50
1528,100,200,64.136,1606,56,-19.752,1570,54,63.81,14,50,-22.751,14,50
1529,100,200,64.136,1606,56,-19.752,1570,54,63.81,14,50,-22.751,14,50
1530,100,200,64.136,1606,56,-19.752,1570,54,63.81,14,50,-22.751,14,50
1531,100,200,64.136,1606,56,-19.752,1570,54,63.81,14,50,-22.751,14,50
1532,100,200,64.136,1606,56,-19.752,1570,54,63.81,14,50,-22.751,14,50
1533,100,200,64.136,1606,56,-19.752,1570,54,63.81,14,50,-22.751,14,50
1534,100,200,64.136,1606,56,-19.752,1570,54,63.81,14,50,-22.751,14,50
1535,100,200,64.136,1606,56,-19.752,1570,54,63.81,14,50,-22.751,14,50
1536,100,200,64.136,1606,56,-19.752,1570,54,63.81,14,50,-22.751,14,50
1537,100,200,64.136,1606,56,-19.752,1570,54,63.81,14,50,-22.751,14,50
1538,100,200,64.136,1606,56,-19.752,1570,54,63.81,14,50,-22.751,14,50
1539,100,200,64.136,1606,56,-19.752,1570,54,63.81,14,50,-22.751,14,50
1540,100,200,64.136,1606,56,-19.752,1570,54,63.81,14,50,-22.751,14,50
1541,100,200,64.136,1606,56,-19.752,1570,54,63.81,14,50,-22.751,14,50
1542,100,200,64.136,1606,56,-19.752,1570,54,63.81,14,50,-22.751,14,50
1543,100,200,64.136,1606,56,-19.752,1570,54,63.81,14,50,-22.751,14,50
1544,100,200,64.136,1606,56,-19.752,1570,54,63.81,14,50,-22.751,14,50
1545,100,200,64.136,1606,56,-19.752,1570,54,63.81,14,50,-22.751,14,50
1546,100,200,64.136,1606,56,-19.752,1570,54,63.81,14,50,-22.751,14,50
1547,100,200,64.136,1606,56,-19.752,1570,54,63.81,14,50,-22.751,14,50
1548,100,200,64.136,1606,56,-19.752,1570,54,63.81,14,50,-22.751,14,50
1549,100,200,64.136,1606,56,-19.752,1570,54,63.81,14,50,-22.751,14,50
1550,100,200,64.136,1606,56,-19.752,1570,54,63.81,14,50,-22.751,14,50
1551,100,200,64.136,1606,56,-19.752,1570,54,63.81,14,50,-22.751,14,50
1552,100,200,64.136,1606,56,-19.752,1570,54,63.81,14,50,-22.751,14,50
1553,100,200,64.136,1606,56,-19.752,1570,54,63.81,14,50,-22.751,14,50
1554,100,200,64.136,1606,56,-19.752,1570,54,63.81,14,50,-22.751,14,50
1555,100,200,64.136,1606,56,-19.752,1570,54,63.81,14,50,-22.751,14,50
1556,100,200,64.136,1606,56,-19.752,1570,54,63.81,14,50,-22.751,14,50
1557,100,200,64.136,1606,56,-19.752,1570,54,63.81,14,50,-22.751,14,50
1558,100,200,64.136,1606,56,-19.752,1570,54,63.81,14,50,-22.751,14,50
1559,100,200,64.136,1606,56,-19.752,1570,54,63.81,14,50,-22.751,14,50
1560,100,200,64.136,1606,56,-19.752,1570,54,63.81,14,50,-22.751,14,50
1561,100,200,64.136,1606,56,-19.752,1570,54,63.81,14,50,-22.751,14,50
1562,100,200,64.136,1606,56,-19.752,1570,54,63.81,14,50,-22.751,14,50
1563,100,200,64.136,1606,56,-19.752,1570,54,63.81,14,50,-22.751,14,50
1564,100,200,64.136,1606,56,-19.752,1570,54,63.81,14,50,-22.751,14,50
1565,100,200,64.136,1606,56,-19.752,1570,54,63.81,14,50,-22.751,14,50
1566,100,200,64.136,1606,56,-19.752,1570,54,63.81,14,50,-22.751,14,50
1567,100,200,64.136,1606,56,-19.752,1570,54,63.81,14,50,-22.751,14,50
1568,100,200,64.136,1606,56,-19.752,1570,54,63.81,14,50,-22.751,14,50
1569,100,200,64.136,1606,56,-19.752,1570,54,63.81,14,50,-22.751,14,50
1570,100,200,64.136,1606,56,-19.752,1570,54,63.81,14,50,-22.751,14,50
1571,100,200,64.136,1606,56,-19.752,1570,54,63.81,14,50,-22.751,14,50
1572,100,200,64.136,1606,56,-19.752,1570,54,63.81,14,50,-22.751,14,50
1573,100,200,64.136,1606,56,-19.752,1570,54,63.81,14,50,-22.751,14,50
1574,100,200,64.136,1606,56,-19.752,1570,54,63.81,14,50,-22.751,14,50
1575,100,200,64.136,1606,56,-19.752,1570,54,63.81,14,50,-22.751,14,50
1576,100,200,64.136,1606,56,-19.752,1570,54,63.81,14,50,-22.751,14,50
1577,100,200,64.136,1606,56,-19.752,1570,54,63.81,14,50,-22.751,14,50
1578,100,200,64.136,1606,56,-19.752,1570,54,63.81,14,50,-22.751,14,50
1579,100,200,64.136,1606,56,-19.752,1570,54,63.81,14,50,-22.751,14,50
1580,100,200,64.136,1606,56,-19.752,1570,54,63.81,14,50,-22.751,14,50
1581,100,200,64.136,1606,56,-19.752,1570,54,63.81,14,50,-22.751,14,50
1582,100,200,64.136,1606,56,-19.752,1570,54,63.81,14,50,-22.751,14,50
1583,100,200,64.136,1606,56,-19.752,1570,54,63.81,14,50,-22.751,14,50
1584,100,200,64.136,1606,56,-19.752,1570,54,63.81,14,50,-22.751,14,50
1585,100,200,64.136,1606,56,-19.752,1570,54,63.81,14,50,-22.751,14,50
1586,100,200,64.136,1606,56,-19.752,1570,54,63.81,14,50,-22.751,14,50
1587,100,200,64.136,1606,56,-19.752,1570,54,63.81,14,50,-22.751,14,50
1588,100,200,64.136,1606,56,-19.752,1570,54,63.81,14,50,-22.751,14,50
1589,100,200,64.136,1606,56,-19.752,1570,54,63.81,14,50,-22.751,14,50
1590,100,200,64.136,1606,56,-19.752,1570,54,63.81,14,50,-22.751,14,50
1591,100,200,64.136,1606,56,-19.752,1570,54,63.81,14,50,-22.751,14,50
1592,100,200,64.136,1606,56,-19.752,1570,54,63.81,14,50,-22.751,14,50
1593,100,200,64.136,1606,56,-19.752,1570,54,63.81,14,50,-22.751,14,50
