CS_Site_ID,CS_Site_Name,CS_Short_Name,CS_Site_Lat,CS_Site_Lon,CS_Site_Type_ID
1000,SyntheticStation_0,SS_0,64.2931856019549,-21.7827312824612,1
1001,SyntheticStation_1,SS_1,64.2936040806330,-21.7000954815779,1
1002,SyntheticStation_2,SS_2,64.2939759195347,-21.6174570415453,1
1003,SyntheticStation_3,SS_3,64.2943011160554,-21.5348162737649,1
1004,SyntheticStation_4,SS_4,64.2945796679171,-21.4521734896922,1
1005,SyntheticStation_5,SS_5,64.2948115731684,-21.3695290008296,1
1006,SyntheticStation_6,SS_6,64.2949968301846,-21.2868831187194,1
1007,SyntheticStation_7,SS_7,64.2951354376678,-21.2042361549361,1
1008,SyntheticStation_8,SS_8,64.2952273946470,-21.1215884210796,1
1009,SyntheticStation_9,SS_9,64.2952727004779,-21.0389402287676,1
1010,SyntheticStation_10,SS_10,64.2952713548430,-20.9562918896285,1
1011,SyntheticStation_11,SS_11,64.2952233577519,-20.8736437152941,1
1012,SyntheticStation_12,SS_12,64.2951287095407,-20.7909960173924,1
1013,SyntheticStation_13,SS_13,64.2949874108725,-20.7083491075403,1
1014,SyntheticStation_14,SS_14,64.2947994627374,-20.6257032973364,1
1015,SyntheticStation_15,SS_15,64.2945648664521,-20.5430588983536,1
1016,SyntheticStation_16,SS_16,64.2942836236601,-20.4604162221320,1
1017,SyntheticStation_17,SS_17,64.2939557363316,-20.3777755801716,1
1018,SyntheticStation_18,SS_18,64.2935812067635,-20.2951372839249,1
1019,SyntheticStation_19,SS_19,64.2931600375792,-20.2125016447900,1
1020,SyntheticStation_20,SS_20,64.2926922317287,-20.1298689741030,1
1021,SyntheticStation_21,SS_21,64.2921777924886,-20.0472395831309,1
1022,SyntheticStation_22,SS_22,64.2916167234614,-19.9646137830642,1
1023,SyntheticStation_23,SS_23,64.2910090285764,-19.8819918850100,1
1024,SyntheticStation_24,SS_24,64.2903547120885,-19.7993741999842,1
1025,SyntheticStation_25,SS_25,64.2896537785790,-19.7167610389049,1
1026,SyntheticStation_26,SS_26,64.2889062329548,-19.6341527125844,1
1027,SyntheticStation_27,SS_27,64.2568314846643,-21.8642411847355,1
1028,SyntheticStation_28,SS_28,64.2572958587988,-21.7817155356186,1
1029,SyntheticStation_29,SS_29,64.2577136704054,-21.6991869482753,1
1030,SyntheticStation_30,SS_30,64.2580849165643,-21.6166557327520,1
1031,SyntheticStation_31,SS_31,64.2584095946810,-21.5341221991561,1
1032,SyntheticStation_32,SS_32,64.2586877024864,-21.4515866576490,1
1033,SyntheticStation_33,SS_33,64.2589192380368,-21.3690494184385,1
1034,SyntheticStation_34,SS_34,64.2591041997137,-21.2865107917719,1
1035,SyntheticStation_35,SS_35,64.2592425862245,-21.2039710879288,1
1036,SyntheticStation_36,SS_36,64.2593343966017,-21.1214306172137,1
1037,SyntheticStation_37,SS_37,64.2593796302036,-21.0388896899489,1
1038,SyntheticStation_38,SS_38,64.2593782867140,-20.9563486164674,1
1039,SyntheticStation_39,SS_39,64.2593303661423,-20.8738077071056,1
1040,SyntheticStation_40,SS_40,64.2592358688236,-20.7912672721958,1
1041,SyntheticStation_41,SS_41,64.2590947954182,-20.7087276220597,1
1042,SyntheticStation_42,SS_42,64.2589071469123,-20.6261890670006,1
1043,SyntheticStation_43,SS_43,64.2586729246176,-20.5436519172962,1
1044,SyntheticStation_44,SS_44,64.2583921301711,-20.4611164831919,1
1045,SyntheticStation_45,SS_45,64.2580647655353,-20.3785830748930,1
1046,SyntheticStation_46,SS_46,64.2576908329982,-20.2960520025580,1
1047,SyntheticStation_47,SS_47,64.2572703351731,-20.2135235762908,1
1048,SyntheticStation_48,SS_48,64.2568032749983,-20.1309981061343,1
1049,SyntheticStation_49,SS_49,64.2562896557376,-20.0484759020624,1
1050,SyntheticStation_50,SS_50,64.2557294809797,-19.9659572739733,1
1051,SyntheticStation_51,SS_51,64.2551227546382,-19.8834425316821,1
1052,SyntheticStation_52,SS_52,64.2544694809518,-19.8009319849137,1
1053,SyntheticStation_53,SS_53,64.2537696644838,-19.7184259432954,1
1054,SyntheticStation_54,SS_54,64.2530233101221,-19.6359247163500,1
1055,SyntheticStation_55,SS_55,64.2214059286211,-21.7807027270141,1
1056,SyntheticStation_56,SS_56,64.2218230748848,-21.6982810431631,1
1057,SyntheticStation_57,SS_57,64.2221937298369,-21.6158567420403,1
1058,SyntheticStation_58,SS_58,64.2225178908931,-21.5334301324664,1
1059,SyntheticStation_59,SS_59,64.2227955557932,-21.4510015233158,1
1060,SyntheticStation_60,SS_60,64.2230267226008,-21.3685712235088,1
1061,SyntheticStation_61,SS_61,64.2232113897039,-21.2861395420052,1
1062,SyntheticStation_62,SS_62,64.2233495558149,-21.2037067877965,1
1063,SyntheticStation_63,SS_63,64.2234412199700,-21.1212732698992,1
1064,SyntheticStation_64,SS_64,64.2234863815302,-21.0388392973476,1
1065,SyntheticStation_65,SS_65,64.2234850401803,-20.9564051791862,1
1066,SyntheticStation_66,SS_66,64.2234371959299,-20.8739712244631,1
1067,SyntheticStation_67,SS_67,64.2233428491124,-20.7915377422226,1
1068,SyntheticStation_68,SS_68,64.2232020003859,-20.7091050414979,1
1069,SyntheticStation_69,SS_69,64.2230146507328,-20.6266734313045,1
1070,SyntheticStation_70,SS_70,64.2227808014593,-20.5442432206321,1
1071,SyntheticStation_71,SS_71,64.2225004541963,-20.4618147184385,1
1072,SyntheticStation_72,SS_72,64.2221736108987,-20.3793882336416,1
1073,SyntheticStation_73,SS_73,64.2218002738455,-20.2969640751127,1
1074,SyntheticStation_74,SS_74,64.2213804456398,-20.2145425516693,1
1075,SyntheticStation_75,SS_75,64.2209141292085,-20.1321239720678,1
1076,SyntheticStation_76,SS_76,64.2204013278027,-20.0497086449966,1
1077,SyntheticStation_77,SS_77,64.2198420449972,-19.9672968790684,1
1078,SyntheticStation_78,SS_78,64.2192362846903,-19.8848889828137,1
1079,SyntheticStation_79,SS_79,64.2185840511041,-19.8024852646734,1
1080,SyntheticStation_80,SS_80,64.2178853487843,-19.7200860329914,1
1081,SyntheticStation_81,SS_81,64.2171401825997,-19.6376915960078,1
1082,SyntheticStation_82,SS_82,64.1859322939212,-21.6973777553329,1
1083,SyntheticStation_83,SS_83,64.1863023591962,-21.6150600597885,1
1084,SyntheticStation_84,SS_84,64.1866260045297,-21.5327400653613,1
1085,SyntheticStation_85,SS_85,64.1869032276703,-21.4504180796454,1
1086,SyntheticStation_86,SS_86,64.1871340266894,-21.3680944102811,1
1087,SyntheticStation_87,SS_87,64.1873183999810,-21.2857693649476,1
1088,SyntheticStation_88,SS_88,64.1874563462625,-21.2034432513557,1
1089,SyntheticStation_89,SS_89,64.1875478645740,-21.1211163772409,1
1090,SyntheticStation_90,SS_90,64.1875929542788,-21.0387890503565,1
1091,SyntheticStation_91,SS_91,64.1875916150632,-20.9564615784659,1
1092,SyntheticStation_92,SS_92,64.1875438469364,-20.8741342693362,1
1093,SyntheticStation_93,SS_93,64.1874496502308,-20.7918074307304,1
1094,SyntheticStation_94,SS_94,64.1873090256018,-20.7094813704008,1
1095,SyntheticStation_95,SS_95,64.1871219740280,-20.6271563960818,1
1096,SyntheticStation_96,SS_96,64.1868884968106,-20.5448328154827,1
1097,SyntheticStation_97,SS_97,64.1866085955741,-20.4625109362805,1
1098,SyntheticStation_98,SS_98,64.1862822722657,-20.3801910661130,1
1099,SyntheticStation_99,SS_99,64.1859095291557,-20.2978735125716,1
1100,SyntheticStation_100,SS_100,64.1854903688370,-20.2155585831942,1
1101,SyntheticStation_101,SS_101,64.1850247942252,-20.1332465854582,1
1102,SyntheticStation_102,SS_102,64.1845128085587,-20.0509378267732,1
1103,SyntheticStation_103,SS_103,64.1839544153983,-19.9686326144739,1
1104,SyntheticStation_104,SS_104,64.1833496186274,-19.8863312558133,1
1105,SyntheticStation_105,SS_105,64.1826984224516,-19.8040340579552,1
1106,SyntheticStation_106,SS_106,64.1820008313988,-19.7217413279674,1
1107,SyntheticStation_107,SS_107,64.1812568503190,-19.6394533728144,1
1108,SyntheticStation_108,SS_108,64.1481000132099,-22.0252936458555,1
1109,SyntheticStation_109,SS_109,64.1486548461848,-21.9430944678731,1
1110,SyntheticStation_110,SS_110,64.1491633451677,-21.8608917758347,1
1111,SyntheticStation_111,SS_111,64.1496255066301,-21.7786858758086,1
1112,SyntheticStation_112,SS_112,64.1500413273647,-21.6964770739369,1
1113,SyntheticStation_113,SS_113,64.1504108044857,-21.6142656764287,1
1114,SyntheticStation_114,SS_114,64.1507339354289,-21.5320519895525,1
1115,SyntheticStation_115,SS_115,64.1510107179514,-21.4498363196300,1
1116,SyntheticStation_116,SS_116,64.1512411501320,-21.3676189730280,1
1117,SyntheticStation_117,SS_117,64.1514252303712,-21.2854002561525,1
1118,SyntheticStation_118,SS_118,64.1515629573911,-21.2031804754406,1
1119,SyntheticStation_119,SS_119,64.1516543302358,-21.1209599373541,1
1120,SyntheticStation_120,SS_120,64.1516993482710,-21.0387389483721,1
1121,SyntheticStation_121,SS_121,64.1516980111840,-20.9565178149843,1
1122,SyntheticStation_122,SS_122,64.1516503189842,-20.8742968436835,1
1123,SyntheticStation_123,SS_123,64.1515562720026,-20.7920763409590,1
1124,SyntheticStation_124,SS_124,64.1514158708922,-20.7098566132889,1
1125,SyntheticStation_125,SS_125,64.1512291166276,-20.6276379671340,1
1126,SyntheticStation_126,SS_126,64.1509960105050,-20.5454207089298,1
1127,SyntheticStation_127,SS_127,64.1507165541427,-20.4632051450800,1
1128,SyntheticStation_128,SS_128,64.1503907494804,-20.3809915819493,1
1129,SyntheticStation_129,SS_129,64.1500185987793,-20.2987803258562,1
1130,SyntheticStation_130,SS_130,64.1496001046224,-20.2165716830662,1
1131,SyntheticStation_131,SS_131,64.1491352699141,-20.1343659597847,1
1132,SyntheticStation_132,SS_132,64.1486240978801,-20.0521634621497,1
1133,SyntheticStation_133,SS_133,64.1480665920674,-19.9699644962249,1
1134,SyntheticStation_134,SS_134,64.1474627563443,-19.8877693679927,1
1135,SyntheticStation_135,SS_135,64.1468125949001,-19.8055783833473,1
1136,SyntheticStation_136,SS_136,64.1461161122453,-19.7233918480871,1
1137,SyntheticStation_137,SS_137,64.1453733132109,-19.6412100679082,1
1138,SyntheticStation_138,SS_138,64.1122119429750,-22.0239717129675,1
1139,SyntheticStation_139,SS_139,64.1127658951313,-21.9418784762519,1
1140,SyntheticStation_140,SS_140,64.1132735868218,-21.8597817400017,1
1141,SyntheticStation_141,SS_141,64.1137350145315,-21.7776818090211,1
1142,SyntheticStation_142,SS_142,64.1141501750656,-21.6955789881877,1
1143,SyntheticStation_143,SS_143,64.1145190655496,-21.6134735824456,1
1144,SyntheticStation_144,SS_144,64.1148416834291,-21.5313658967978,1
1145,SyntheticStation_145,SS_145,64.1151180264699,-21.4492562363003,1
1146,SyntheticStation_146,SS_146,64.1153480927582,-21.3671449060538,1
1147,SyntheticStation_147,SS_147,64.1155318807009,-21.2850322111978,1
1148,SyntheticStation_148,SS_148,64.1156693890249,-21.2029184569030,1
1149,SyntheticStation_149,SS_149,64.1157606167780,-21.1208039483644,1
1150,SyntheticStation_150,SS_150,64.1158055633283,-21.0386889907942,1
1151,SyntheticStation_151,SS_151,64.1158042283645,-20.9565738894150,1
1152,SyntheticStation_152,SS_152,64.1157566118959,-20.8744589494529,1
1153,SyntheticStation_153,SS_153,64.1156627142522,-20.7923444761300,1
1154,SyntheticStation_154,SS_154,64.1155225360837,-20.7102307746578,1
1155,SyntheticStation_155,SS_155,64.1153360783614,-20.6281181502301,1
1156,SyntheticStation_156,SS_156,64.1151033423766,-20.5460069080160,1
1157,SyntheticStation_157,SS_157,64.1148243297410,-20.4638973531528,1
1158,SyntheticStation_158,SS_158,64.1144990423870,-20.3817897907390,1
1159,SyntheticStation_159,SS_159,64.1141274825670,-20.2996845258275,1
1160,SyntheticStation_160,SS_160,64.1137096528541,-20.2175818634184,1
1161,SyntheticStation_161,SS_161,64.1132455561412,-20.1354821084519,1
1162,SyntheticStation_162,SS_162,64.1127351956416,-20.0533855658017,1
1163,SyntheticStation_163,SS_163,64.1121785748887,-19.9712925402674,1
1164,SyntheticStation_164,SS_164,64.1115756977357,-19.8892033365681,1
1165,SyntheticStation_165,SS_165,64.1109265683557,-19.8071182593349,1
1166,SyntheticStation_166,SS_166,64.1102311912415,-19.7250376131042,1
1167,SyntheticStation_167,SS_167,64.1094895712058,-19.6429617023106,1
1168,SyntheticStation_168,SS_168,64.0702368787083,-22.6783925262815,1
1169,SyntheticStation_169,SS_169,64.0768767525183,-21.9406659841793,1
1170,SyntheticStation_170,SS_170,64.0773836389946,-21.8586748989117,1
1171,SyntheticStation_171,SS_171,64.0778443348408,-21.7766806320977,1
1172,SyntheticStation_172,SS_172,64.0782588368743,-21.6946834873574,1
1173,SyntheticStation_173,SS_173,64.0786271422318,-21.6126837683768,1
1174,SyntheticStation_174,SS_174,64.0789492483687,-21.5306817789006,1
1175,SyntheticStation_175,SS_175,64.0792251530595,-21.4486778227258,1
1176,SyntheticStation_176,SS_176,64.0794548543979,-21.3666722036943,1
1177,SyntheticStation_177,SS_177,64.0796383507968,-21.2846652256861,1
1178,SyntheticStation_178,SS_178,64.0797756409881,-21.2026571926122,1
1179,SyntheticStation_179,SS_179,64.0798667240233,-21.1206484084079,1
1180,SyntheticStation_180,SS_180,64.0799115992729,-21.0386391770257,1
1181,SyntheticStation_181,SS_181,64.0799102664268,-20.9566298024281,1
1182,SyntheticStation_182,SS_182,64.0798627254942,-20.8746205885813,1
1183,SyntheticStation_183,SS_183,64.0797689768037,-20.7926118394473,1
1184,SyntheticStation_184,SS_184,64.0796290210031,-20.7106038589780,1
1185,SyntheticStation_185,SS_185,64.0794428590595,-20.6285969511074,1
1186,SyntheticStation_186,SS_186,64.0792104922591,-20.5465914197448,1
1187,SyntheticStation_187,SS_187,64.0789319222077,-20.4645875687684,1
1188,SyntheticStation_188,SS_188,64.0786071508299,-20.3825857020175,1
1189,SyntheticStation_189,SS_189,64.0782361803696,-20.3005861232863,1
1190,SyntheticStation_190,SS_190,64.0778190133898,-20.2185891363164,1
1191,SyntheticStation_191,SS_191,64.0773556527722,-20.1365950447902,1
1192,SyntheticStation_192,SS_192,64.0768461017179,-20.0546041523236,1
1193,SyntheticStation_193,SS_193,64.0762903637463,-19.9726167624594,1
1194,SyntheticStation_194,SS_194,64.0756884426960,-19.8906331786600,1
1195,SyntheticStation_195,SS_195,64.0750403427237,-19.8086537043009,1
1196,SyntheticStation_196,SS_196,64.0743460683051,-19.7266786426631,1
1197,SyntheticStation_197,SS_197,64.0736056242340,-19.6447082969268,1
1198,SyntheticStation_198,SS_198,64.0343580623702,-22.6762361884827,1
1199,SyntheticStation_199,SS_199,64.0352790078907,-22.5943925589666,1
1200,SyntheticStation_200,SS_200,64.0398369134204,-22.1032177384674,1
1201,SyntheticStation_201,SS_201,64.0404352209076,-22.0213392443157,1
1202,SyntheticStation_202,SS_202,64.0409874182197,-21.9394569772142,1
1203,SyntheticStation_203,SS_203,64.0414935015516,-21.8575712393806,1
1204,SyntheticStation_204,SS_204,64.0419534674155,-21.7756823331118,1
1205,SyntheticStation_205,SS_205,64.0423673126413,-21.6937905607774,1
1206,SyntheticStation_206,SS_206,64.0427350343765,-21.6118962248122,1
1207,SyntheticStation_207,SS_207,64.0430566300865,-21.5299996277095,1
1208,SyntheticStation_208,SS_208,64.0433320975544,-21.4481010720145,1
1209,SyntheticStation_209,SS_209,64.0435614348811,-21.3662008603168,1
1210,SyntheticStation_210,SS_210,64.0437446404858,-21.2842992952440,1
1211,SyntheticStation_211,SS_211,64.0438817131053,-21.2023966794547,1
1212,SyntheticStation_212,SS_212,64.0439726517946,-21.1204933156311,1
1213,SyntheticStation_213,SS_213,64.0440174559268,-21.0385895064730,1
1214,SyntheticStation_214,SS_214,64.0440161251930,-20.9566855546899,1
1215,SyntheticStation_215,SS_215,64.0439686596024,-20.8747817629949,1
1216,SyntheticStation_216,SS_216,64.0438750594821,-20.7928784340972,1
1217,SyntheticStation_217,SS_217,64.0437353254775,-20.7109758706955,1
1218,SyntheticStation_218,SS_218,64.0435494585520,-20.6290743754712,1
1219,SyntheticStation_219,SS_219,64.0433174599870,-20.5471742510811,1
1220,SyntheticStation_220,SS_220,64.0430393313818,-20.4652758001508,1
1221,SyntheticStation_221,SS_221,64.0427150746537,-20.3833793252676,1
1222,SyntheticStation_222,SS_222,64.0423446920379,-20.3014851289738,1
1223,SyntheticStation_223,SS_223,64.0419281860875,-20.2195935137596,1
1224,SyntheticStation_224,SS_224,64.0414655596732,-20.1377047820562,1
1225,SyntheticStation_225,SS_225,64.0409568159835,-20.0558192362291,1
1226,SyntheticStation_226,SS_226,64.0404019585245,-19.9739371785709,1
1227,SyntheticStation_227,SS_227,64.0398009911196,-19.8920589112945,1
1228,SyntheticStation_228,SS_228,64.0391539179098,-19.8101847365265,1
1229,SyntheticStation_229,SS_229,64.0384607433533,-19.7283149562995,1
1230,SyntheticStation_230,SS_230,64.0377214722254,-19.6464498725463,1
1231,SyntheticStation_231,SS_231,63.9975135432906,-22.7558186337614,1
1232,SyntheticStation_232,SS_232,63.9984790272416,-22.6740860377278,1
1233,SyntheticStation_233,SS_233,63.9993985156599,-22.5923472801266,1
1234,SyntheticStation_234,SS_234,64.0018809461323,-22.3470970395603,1
1235,SyntheticStation_235,SS_235,64.0026163924100,-22.2653366379722,1
1236,SyntheticStation_236,SS_236,64.0033058147274,-22.1835715765750,1
1237,SyntheticStation_237,SS_237,64.0039492083457,-22.1018021560663,1
1238,SyntheticStation_238,SS_238,64.0045465688420,-22.0200286772432,1
1239,SyntheticStation_239,SS_239,64.0050978921098,-21.9382514409950,1
1240,SyntheticStation_240,SS_240,64.0056031743583,-21.8564707482970,1
1241,SyntheticStation_241,SS_241,64.0060624121134,-21.7746869002028,1
1242,SyntheticStation_242,SS_242,64.0064756022172,-21.6929001978382,1
1243,SyntheticStation_243,SS_243,64.0068427418281,-21.6111109423937,1
1244,SyntheticStation_244,SS_244,64.0071638284214,-21.5293194351184,1
1245,SyntheticStation_245,SS_245,64.0074388597886,-21.4475259773121,1
1246,SyntheticStation_246,SS_246,64.0076678340381,-21.3657308703195,1
1247,SyntheticStation_247,SS_247,64.0078507495951,-21.2839344155226,1
1248,SyntheticStation_248,SS_248,64.0079876052013,-21.2021369143341,1
1249,SyntheticStation_249,SS_249,64.0080783999154,-21.1203386681907,1
1250,SyntheticStation_250,SS_250,64.0081231331128,-21.0385399785458,1
1251,SyntheticStation_251,SS_251,64.0081218044858,-20.9567411468631,1
1252,SyntheticStation_252,SS_252,64.0080744140436,-20.8749424746094,1
1253,SyntheticStation_253,SS_253,64.0079809621122,-20.7931442632480,1
1254,SyntheticStation_254,SS_254,64.0078414493343,-20.7113468142316,1
1255,SyntheticStation_255,SS_255,64.0076558766696,-20.6295504289957,1
1256,SyntheticStation_256,SS_256,64.0074242453946,-20.5477554089513,1
1257,SyntheticStation_257,SS_257,64.0071465571024,-20.4659620554785,1
1258,SyntheticStation_258,SS_258,64.0068228137030,-20.3841706699196,1
1259,SyntheticStation_259,SS_259,64.0064530174230,-20.3023815535717,1
1260,SyntheticStation_260,SS_260,64.0060371708054,-20.2205950076806,1
1261,SyntheticStation_261,SS_261,64.0055752767101,-20.1388113334334,1
1262,SyntheticStation_262,SS_262,64.0050673383132,-20.0570308319517,1
1263,SyntheticStation_263,SS_263,64.0045133591071,-19.9752538042851,1
1264,SyntheticStation_264,SS_264,64.0039133429008,-19.8934805514037,1
1265,SyntheticStation_265,SS_265,64.0032672938191,-19.8117113741921,1
1266,SyntheticStation_266,SS_266,64.0025752163031,-19.7299465734415,1
1267,SyntheticStation_267,SS_267,64.0018371151097,-19.6481864498439,1
1268,SyntheticStation_268,SS_268,63.9616358153287,-22.7535700980972,1
1269,SyntheticStation_269,SS_269,63.9625997733085,-22.6719420485755,1
1270,SyntheticStation_270,SS_270,63.9635178083547,-22.5903078627874,1
1271,SyntheticStation_271,SS_271,63.9643899141756,-22.5086678396011,1
1272,SyntheticStation_272,SS_272,63.9652160847931,-22.4270222780177,1
1273,SyntheticStation_273,SS_273,63.9659963145434,-22.3453714771641,1
1274,SyntheticStation_274,SS_274,63.9667305980770,-22.2637157362862,1
1275,SyntheticStation_275,SS_275,63.9674189303588,-22.1820553547425,1
1276,SyntheticStation_276,SS_276,63.9680613066683,-22.1003906319966,1
1277,SyntheticStation_277,SS_277,63.9686577225999,-22.0187218676109,1
1278,SyntheticStation_278,SS_278,63.9692081740625,-21.9370493612396,1
1279,SyntheticStation_279,SS_279,63.9697126572802,-21.8553734126219,1
1280,SyntheticStation_280,SS_280,63.9701711687922,-21.7736943215753,1
1281,SyntheticStation_281,SS_281,63.9705837054527,-21.6920123879885,1
1282,SyntheticStation_282,SS_282,63.9709502644311,-21.6103279118149,1
1283,SyntheticStation_283,SS_283,63.9712708432124,-21.5286411930655,1
1284,SyntheticStation_284,SS_284,63.9715454395966,-21.4469525318024,1
1285,SyntheticStation_285,SS_285,63.9717740516995,-21.3652622281316,1
1286,SyntheticStation_286,SS_286,63.9719566779521,-21.2835705821967,1
1287,SyntheticStation_287,SS_287,63.9720933171013,-21.2018778941714,1
1288,SyntheticStation_288,SS_288,63.9721839682091,-21.1201844642534,1
1289,SyntheticStation_289,SS_289,63.9722286306535,-21.0384905926569,1
1290,SyntheticStation_290,SS_290,63.9722273041280,-20.9567965796066,1
1291,SyntheticStation_291,SS_291,63.9721799886417,-20.8751027253299,1
1292,SyntheticStation_292,SS_292,63.9720866845192,-20.7934093300509,1
1293,SyntheticStation_293,SS_293,63.9719473924010,-20.7117166939833,1
1294,SyntheticStation_294,SS_294,63.9717621132429,-20.6300251173234,1
1295,SyntheticStation_295,SS_295,63.9715308483166,-20.5483349002435,1
1296,SyntheticStation_296,SS_296,63.9712535992090,-20.4666463428850,1
1297,SyntheticStation_297,SS_297,63.9709303678228,-20.3849597453518,1
1298,SyntheticStation_298,SS_298,63.9705611563759,-20.3032754077030,1
1299,SyntheticStation_299,SS_299,63.9701459674017,-20.2215936299467,1
1300,SyntheticStation_300,SS_300,63.9696848037489,-20.1399147120325,1
1301,SyntheticStation_301,SS_301,63.9691776685814,-20.0582389538455,1
1302,SyntheticStation_302,SS_302,63.9686245653783,-19.9765666551986,1
1303,SyntheticStation_303,SS_303,63.9680254979337,-19.8948981158263,1
1304,SyntheticStation_304,SS_304,63.9673804703568,-19.8132336353778,1
1305,SyntheticStation_305,SS_305,63.9666894870713,-19.7315735134100,1
1306,SyntheticStation_306,SS_306,63.9659525528160,-19.6499180493805,1
1307,SyntheticStation_307,SS_307,63.9267203005563,-22.6698041957245,1
1308,SyntheticStation_308,SS_308,63.9276368859453,-22.5882742828775,1
1309,SyntheticStation_309,SS_309,63.9285076145472,-22.5067385565713,1
1310,SyntheticStation_310,SS_310,63.9293324804071,-22.4251973145830,1
1311,SyntheticStation_311,SS_311,63.9301114778828,-22.3436508548146,1
1312,SyntheticStation_312,SS_312,63.9308446016454,-22.2620994752865,1
1313,SyntheticStation_313,SS_313,63.9315318466791,-22.1805434741306,1
1314,SyntheticStation_314,SS_314,63.9321732082818,-22.0989831495833,1
1315,SyntheticStation_315,SS_315,63.9327686820644,-22.0174187999793,1
1316,SyntheticStation_316,SS_316,63.9333182639519,-21.9358507237441,1
1317,SyntheticStation_317,SS_317,63.9338219501829,-21.8542792193881,1
1318,SyntheticStation_318,SS_318,63.9342797373097,-21.7727045854990,1
1319,SyntheticStation_319,SS_319,63.9346916221986,-21.6911271207355,1
1320,SyntheticStation_320,SS_320,63.9350576020302,-21.6095471238203,1
1321,SyntheticStation_321,SS_321,63.9353776742987,-21.5279648935338,1
1322,SyntheticStation_322,SS_322,63.9356518368130,-21.4463807287065,1
1323,SyntheticStation_323,SS_323,63.9358800876959,-21.3647949282130,1
1324,SyntheticStation_324,SS_324,63.9360624253846,-21.2832077909650,1
1325,SyntheticStation_325,SS_325,63.9361988486305,-21.2016196159042,1
1326,SyntheticStation_326,SS_326,63.9362893564996,-21.1200307019961,1
1327,SyntheticStation_327,SS_327,63.9363339483721,-21.0384413482226,1
1328,SyntheticStation_328,SS_328,63.9363326239427,-20.9568518535758,1
1329,SyntheticStation_329,SS_329,63.9362853832204,-20.8752625170509,1
1330,SyntheticStation_330,SS_330,63.9361922265286,-20.7936736376397,1
1331,SyntheticStation_331,SS_331,63.9360531545054,-20.7120855143233,1
1332,SyntheticStation_332,SS_332,63.9358681681029,-20.6304984460659,1
1333,SyntheticStation_333,SS_333,63.9356372685879,-20.5489127318079,1
1334,SyntheticStation_334,SS_334,63.9353604575411,-20.4673286704588,1
1335,SyntheticStation_335,SS_335,63.9350377368580,-20.3857465608908,1
1336,SyntheticStation_336,SS_336,63.9346691087479,-20.3041667019320,1
1337,SyntheticStation_337,SS_337,63.9342545757345,-20.2225893923594,1
1338,SyntheticStation_338,SS_338,63.9337941406555,-20.1410149308922,1
1339,SyntheticStation_339,SS_339,63.9332878066628,-20.0594436161854,1
1340,SyntheticStation_340,SS_340,63.9327355772219,-19.9778757468222,1
1341,SyntheticStation_341,SS_341,63.9321374561124,-19.8963116213084,1
1342,SyntheticStation_342,SS_342,63.9314934474276,-19.8147515380644,1
1343,SyntheticStation_343,SS_343,63.9308035555744,-19.7331957954194,1
1344,SyntheticStation_344,SS_344,63.9300677852733,-19.6516446916040,1
1345,SyntheticStation_345,SS_345,63.8898796912494,-22.7490923054871,1
1346,SyntheticStation_346,SS_346,63.8908406089699,-22.6676724540124,1
1347,SyntheticStation_347,SS_347,63.8917557484010,-22.5862465164575,1
1348,SyntheticStation_348,SS_348,63.8926251032990,-22.5048147892512,1
1349,SyntheticStation_349,SS_349,63.8934486677315,-22.4233775689532,1
1350,SyntheticStation_350,SS_350,63.8942264360783,-22.3419351522473,1
1351,SyntheticStation_351,SS_351,63.8949584030308,-22.2604878359350,1
1352,SyntheticStation_352,SS_352,63.8956445635925,-22.1790359169284,1
1353,SyntheticStation_353,SS_353,63.8962849130793,-22.0975796922435,1
1354,SyntheticStation_354,SS_354,63.8968794471190,-22.0161194589937,1
1355,SyntheticStation_355,SS_355,63.8974281616522,-21.9346555143832,1
1356,SyntheticStation_356,SS_356,63.8979310529319,-21.8531881556996,1
1357,SyntheticStation_357,SS_357,63.8983881175237,-21.7717176803080,1
1358,SyntheticStation_358,SS_358,63.8987993523061,-21.6902443856437,1
1359,SyntheticStation_359,SS_359,63.8991647544701,-21.6087685692057,1
1360,SyntheticStation_360,SS_360,63.8994843215200,-21.5272905285501,1
1361,SyntheticStation_361,SS_361,63.8997580512727,-21.4458105612829,1
1362,SyntheticStation_362,SS_362,63.8999859418584,-21.3643289650541,1
1363,SyntheticStation_363,SS_363,63.9001679917204,-21.2828460375500,1
1364,SyntheticStation_364,SS_364,63.9003041996148,-21.2013620764873,1
1365,SyntheticStation_365,SS_365,63.9003945646111,-21.1198773796058,1
1366,SyntheticStation_366,SS_366,63.9004390860920,-21.0383922446620,1
1367,SyntheticStation_367,SS_367,63.9004377637532,-20.9569069694225,1
1368,SyntheticStation_368,SS_368,63.9003905976039,-20.8754218516567,1
1369,SyntheticStation_369,SS_369,63.9002975879663,-20.7939371891307,1
1370,SyntheticStation_370,SS_370,63.9001587354757,-20.7124532796002,1
1371,SyntheticStation_371,SS_371,63.8999740410809,-20.6309704208040,1
1372,SyntheticStation_372,SS_372,63.8997435060435,-20.5494889104570,1
1373,SyntheticStation_373,SS_373,63.8994671319385,-20.4680090462440,1
1374,SyntheticStation_374,SS_374,63.8991449206538,-20.3865311258122,1
1375,SyntheticStation_375,SS_375,63.8987768743904,-20.3050554467651,1
1376,SyntheticStation_376,SS_376,63.8983629956622,-20.2235823066557,1
1377,SyntheticStation_377,SS_377,63.8979032872962,-20.1421120029794,1
1378,SyntheticStation_378,SS_378,63.8973977524318,-20.0606448331678,1
1379,SyntheticStation_379,SS_379,63.8968463945217,-19.9791810945816,1
1380,SyntheticStation_380,SS_380,63.8962492173307,-19.8977210845038,1
1381,SyntheticStation_381,SS_381,63.8956062249364,-19.8162651001336,1
1382,SyntheticStation_382,SS_382,63.8949174217288,-19.7348134385787,1
1383,SyntheticStation_383,SS_383,63.8941828124103,-19.6533663968496,1
1384,SyntheticStation_384,SS_384,63.8549606985336,-22.6655467984149,1
1385,SyntheticStation_385,SS_385,63.8558743956909,-22.5842245397197,1
1386,SyntheticStation_386,SS_386,63.8567423803852,-22.5028965150504,1
1387,SyntheticStation_387,SS_387,63.8575646467070,-22.4215630197560,1
1388,SyntheticStation_388,SS_388,63.8583411890576,-22.3402243493088,1
1389,SyntheticStation_389,SS_389,63.8590720021487,-22.2588807992980,1
1390,SyntheticStation_390,SS_390,63.8597570810029,-22.1775326654226,1
1391,SyntheticStation_391,SS_391,63.8603964209541,-22.0961802434849,1
1392,SyntheticStation_392,SS_392,63.8609900176469,-22.0148238293840,1
1393,SyntheticStation_393,SS_393,63.8615378670374,-21.9334637191087,1
1394,SyntheticStation_394,SS_394,63.8620399653930,-21.8521002087313,1
1395,SyntheticStation_395,SS_395,63.8624963092924,-21.7707335944006,1
1396,SyntheticStation_396,SS_396,63.8629068956261,-21.6893641723352,1
1397,SyntheticStation_397,SS_397,63.8632717215959,-21.6079922388172,1
1398,SyntheticStation_398,SS_398,63.8635907847157,-21.5266180901851,1
1399,SyntheticStation_399,SS_399,63.8638640828107,-21.4452420228273,1
1400,SyntheticStation_400,SS_400,63.8640916140183,-21.3638643331754,1
1401,SyntheticStation_401,SS_401,63.8644995923679,-21.1197244952793,1
1402,SyntheticStation_402,SS_402,63.8645440436367,-21.0383432813978,1
1403,SyntheticStation_403,SS_403,63.8645427233833,-20.9569619277948,1
1404,SyntheticStation_404,SS_404,63.8644956316168,-20.8755807310209,1
1405,SyntheticStation_405,SS_405,63.8644027686581,-20.7941999876233,1
1406,SyntheticStation_406,SS_406,63.8642641351402,-20.7128199941389,1
1407,SyntheticStation_407,SS_407,63.8640797320081,-20.6314410470877,1
1408,SyntheticStation_408,SS_408,63.8638495605188,-20.5500634429662,1
1409,SyntheticStation_409,SS_409,63.8635736222410,-20.4686874782406,1
1410,SyntheticStation_410,SS_410,63.8632519190555,-20.3873134493402,1
1411,SyntheticStation_411,SS_411,63.8628844531548,-20.3059416526508,1
1412,SyntheticStation_412,SS_412,63.8624712270433,-20.2245723845078,1
1413,SyntheticStation_413,SS_413,63.8620122435369,-20.1432059411897,1
1414,SyntheticStation_414,SS_414,63.8615075057633,-20.0618426189114,1
1415,SyntheticStation_415,SS_415,63.8609570171616,-19.9804827138173,1
1416,SyntheticStation_416,SS_416,63.8603607814824,-19.8991265219752,1
1417,SyntheticStation_417,SS_417,63.8597188027877,-19.8177743393690,1
1418,SyntheticStation_418,SS_418,63.8590310854506,-19.7364264618921,1
1419,SyntheticStation_419,SS_419,63.8582976341554,-19.6550831853412,1
1420,SyntheticStation_420,SS_420,63.8181226762988,-22.7446400426602,1
1421,SyntheticStation_421,SS_421,63.8190805692308,-22.6634272040446,1
1422,SyntheticStation_422,SS_422,63.8199928277832,-22.5822083289865,1
1423,SyntheticStation_423,SS_423,63.8208594457598,-22.5009837115020,1
1424,SyntheticStation_424,SS_424,63.8231853989141,-22.2572783465455,1
1425,SyntheticStation_425,SS_425,63.8238693988141,-22.1760337019971,1
1426,SyntheticStation_426,SS_426,63.8245077317993,-22.0947847869060,1
1427,SyntheticStation_427,SS_427,63.8251003935313,-22.0135318959634,1
1428,SyntheticStation_428,SS_428,63.8256473799816,-21.9322753239497,1
1429,SyntheticStation_429,SS_429,63.8270142520099,-21.6884864704889,1
1430,SyntheticStation_430,SS_430,63.8273785032528,-21.6072181235512,1
1431,SyntheticStation_431,SS_431,63.8276970637257,-21.5259475705531,1
1432,SyntheticStation_432,SS_432,63.8286488208302,-21.0382944578557,1
1433,SyntheticStation_433,SS_433,63.8286475026569,-20.9570167293374,1
1434,SyntheticStation_434,SS_434,63.8286004850837,-20.8757391570072,1
1435,SyntheticStation_435,SS_435,63.8285077684304,-20.7944620362000,1
1436,SyntheticStation_436,SS_436,63.8283693533275,-20.7131856622405,1
1437,SyntheticStation_437,SS_437,63.8281852407164,-20.6319103304367,1
1438,SyntheticStation_438,SS_438,63.8279554318492,-20.5506363360732,1
1439,SyntheticStation_439,SS_439,63.8276799282888,-20.4693639744047,1
1440,SyntheticStation_440,SS_440,63.8273587319086,-20.3880935406489,1
1441,SyntheticStation_441,SS_441,63.8269918448928,-20.3068253299805,1
1442,SyntheticStation_442,SS_442,63.8265792697362,-20.2255596375243,1
1443,SyntheticStation_443,SS_443,63.8261210092439,-20.1442967583481,1
1444,SyntheticStation_444,SS_444,63.8256170665316,-20.0630369874571,1
1445,SyntheticStation_445,SS_445,63.8250674450254,-19.9817806197863,1
1446,SyntheticStation_446,SS_446,63.8244721484613,-19.9005279501943,1
1447,SyntheticStation_447,SS_447,63.8238311808859,-19.8192792734567,1
1448,SyntheticStation_448,SS_448,63.8231445466555,-19.7380348842594,1
1449,SyntheticStation_449,SS_449,63.8224122504366,-19.6567950771917,1
1450,SyntheticStation_450,SS_450,63.7927051578297,-20.8758971314689,1
1451,SyntheticStation_451,SS_451,63.7926125871097,-20.7947233379261,1
1452,SyntheticStation_452,SS_452,63.7924743898664,-20.7135502881824,1
1453,SyntheticStation_453,SS_453,63.7922905670376,-20.6323782763403,1
1454,SyntheticStation_454,SS_454,63.7920611198705,-20.5512075964792,1
1455,SyntheticStation_455,SS_455,63.7917860499221,-20.4700385426487,1
1456,SyntheticStation_456,SS_456,63.7914653590587,-20.3888714088618,1
1457,SyntheticStation_457,SS_457,63.7910990494561,-20.3077064890886,1
1458,SyntheticStation_458,SS_458,63.7906871235995,-20.2265440772497,1
1459,SyntheticStation_459,SS_459,63.7902295842834,-20.1453844672094,1
1460,SyntheticStation_460,SS_460,63.7897264346115,-20.0642279527693,1
1461,SyntheticStation_461,SS_461,63.7891776779967,-19.9830748276616,1
1462,SyntheticStation_462,SS_462,63.7885833181609,-19.9019253855427,1
1463,SyntheticStation_463,SS_463,63.7879433591352,-19.8207799199862,1
1464,SyntheticStation_464,SS_464,63.7872578052593,-19.7396387244770,1
1465,SyntheticStation_465,SS_465,63.7865266611817,-19.6585020924039,1
1466,SyntheticStation_466,SS_466,63.7565792445860,-20.7139138762188,1
1467,SyntheticStation_467,SS_467,63.7563957108038,-20.6328448902580,1
1468,SyntheticStation_468,SS_468,63.7561666244187,-20.5517772308487,1
1469,SyntheticStation_469,SS_469,63.7558919869816,-20.4707111908419,1
1470,SyntheticStation_470,SS_470,63.7555718003517,-20.3896470630526,1
1471,SyntheticStation_471,SS_471,63.7552060666966,-20.3085851402529,1
1472,SyntheticStation_472,SS_472,63.7547947884920,-20.2275257151659,1
1473,SyntheticStation_473,SS_473,63.7543379685216,-20.1464690804586,1
1474,SyntheticStation_474,SS_474,63.7538356098773,-20.0654155287358,1
1475,SyntheticStation_475,SS_475,63.7532877159592,-19.9843653525336,1
1476,SyntheticStation_476,SS_476,63.7526942904748,-19.9033188443123,1
1477,SyntheticStation_477,SS_477,63.7520553374398,-19.8222762964507,1
1478,SyntheticStation_478,SS_478,63.7513708611773,-19.7412380012386,1
1479,SyntheticStation_479,SS_479,63.7506408663182,-19.6602042508713,1
1480,SyntheticStation_480,SS_480,63.7205006718475,-20.6333101776192,1
1481,SyntheticStation_481,SS_481,63.7202719453299,-20.5523452458095,1
1482,SyntheticStation_482,SS_482,63.7199977393078,-20.4713819268105,1
1483,SyntheticStation_483,SS_483,63.7196780556336,-20.3904205122455,1
1484,SyntheticStation_484,SS_484,63.7193128964663,-20.3094612936952,1
1485,SyntheticStation_485,SS_485,63.7189022642723,-20.2285045626917,1
1486,SyntheticStation_486,SS_486,63.7184461618248,-20.1475506107113,1
1487,SyntheticStation_487,SS_487,63.7179445922039,-20.0665997291686,1
1488,SyntheticStation_488,SS_488,63.7173975587965,-19.9856522094099,1
1489,SyntheticStation_489,SS_489,63.7168050652963,-19.9047083427062,1
1490,SyntheticStation_490,SS_490,63.7161671157034,-19.8237684202476,1
1491,SyntheticStation_491,SS_491,63.7154837143247,-19.7428327331360,1
1492,SyntheticStation_492,SS_492,63.7147548657733,-19.6619015723788,1
1493,SyntheticStation_493,SS_493,64.3456661582832,-22.0063472707995,1
1494,SyntheticStation_494,SS_494,64.3464659801476,-21.8821568057060,1
1495,SyntheticStation_495,SS_495,64.3477500554541,-21.6337543898579,1
1496,SyntheticStation_496,SS_496,64.3482342885830,-21.5095445540582,1
1497,SyntheticStation_497,SS_497,64.3486133079259,-21.3853303768216,1
1498,SyntheticStation_498,SS_498,64.3488871074859,-21.2611129163078,1
1499,SyntheticStation_499,SS_499,64.3490556829305,-21.1368932308490,1
1500,SyntheticStation_500,SS_500,64.3491190315923,-21.0126723788945,1
1501,SyntheticStation_501,SS_501,64.3490771524688,-20.8884514189552,1
1502,SyntheticStation_502,SS_502,64.3489300462227,-20.7642314095473,1
1503,SyntheticStation_503,SS_503,64.3486777151818,-20.6400134091372,1
1504,SyntheticStation_504,SS_504,64.3483201633388,-20.5157984760857,1
1505,SyntheticStation_505,SS_505,64.3478573963512,-20.3915876685921,1
1506,SyntheticStation_506,SS_506,64.3472894215408,-20.2673820446386,1
1507,SyntheticStation_507,SS_507,64.3466162478931,-20.1431826619350,1
1508,SyntheticStation_508,SS_508,64.3458378860570,-20.0189905778628,1
1509,SyntheticStation_509,SS_509,64.3449543483442,-19.8948068494195,1
1510,SyntheticStation_510,SS_510,64.3439656487280,-19.7706325331637,1
1511,SyntheticStation_511,SS_511,64.3427326841235,-19.6314849193215,1
1512,SyntheticStation_512,SS_512,64.3427326841235,-19.5102436649343,1
1513,SyntheticStation_513,SS_513,64.2876974709760,-19.5102436649343,1
1514,SyntheticStation_514,SS_514,64.2302877656663,-19.5133330373440,1
1515,SyntheticStation_515,SS_515,64.1728775268222,-19.5164082940029,1
1516,SyntheticStation_516,SS_516,64.1154667528677,-19.5194693752258,1
1517,SyntheticStation_517,SS_517,64.0580554436048,-19.5225163746414,1
1518,SyntheticStation_518,SS_518,64.0006435988331,-19.5255493850521,1
1519,SyntheticStation_519,SS_519,63.9432312183492,-19.5285684984427,1
1520,SyntheticStation_520,SS_520,63.8858183019468,-19.5315738059896,1
1521,SyntheticStation_521,SS_521,63.8284048494173,-19.5345653980694,1
1522,SyntheticStation_522,SS_522,63.7709908605490,-19.5375433642681,1
1523,SyntheticStation_523,SS_523,63.7135763348848,-19.5405077934016,1
1524,SyntheticStation_524,SS_524,63.6609230487647,-19.5405077934016,1
1525,SyntheticStation_525,SS_525,63.6609230487647,-19.6644386600730,1
1526,SyntheticStation_526,SS_526,63.6619893127558,-19.7847271525831,1
1527,SyntheticStation_527,SS_527,63.6629617732220,-19.9059114616287,1
1528,SyntheticStation_528,SS_528,63.6638321883002,-20.0271045991354,1
1529,SyntheticStation_529,SS_529,63.6646005448075,-20.1483055881002,1
1530,SyntheticStation_530,SS_530,63.6652668311054,-20.2695134511285,1
1531,SyntheticStation_531,SS_531,63.6658310371004,-20.3907272104828,1
1532,SyntheticStation_532,SS_532,63.6662931542444,-20.5119458881313,1
1533,SyntheticStation_533,SS_533,64.4276666222944,-21.9991870241798,1
1534,SyntheticStation_534,SS_534,64.4288182375627,-21.8123418117766,1
1535,SyntheticStation_535,SS_535,64.4297323042643,-21.6254809267360,1
1536,SyntheticStation_536,SS_536,64.4304087896904,-21.4386079726495,1
1537,SyntheticStation_537,SS_537,64.4308476696308,-21.2517265545458,1
1538,SyntheticStation_538,SS_538,64.4310489283774,-21.0648402784619,1
1539,SyntheticStation_539,SS_539,64.4310125587267,-20.8779527510135,1
1540,SyntheticStation_540,SS_540,64.4307385619804,-20.6910675789654,1
1541,SyntheticStation_541,SS_541,64.4302269479455,-20.5041883688019,1
1542,SyntheticStation_542,SS_542,64.4294777349330,-20.3173187262969,1
1543,SyntheticStation_543,SS_543,64.4284909497549,-20.1304622560848,1
1544,SyntheticStation_544,SS_544,64.4272666277205,-19.9436225612311,1
1545,SyntheticStation_545,SS_545,64.4258048126318,-19.7568032428041,1
1546,SyntheticStation_546,SS_546,64.4234672253363,-19.5058637220649,1
1547,SyntheticStation_547,SS_547,64.4234672253363,-19.3240330675811,1
1548,SyntheticStation_548,SS_548,64.3407217925139,-19.3240330675811,1
1549,SyntheticStation_549,SS_549,64.2555144188544,-19.3291984288700,1
1550,SyntheticStation_550,SS_550,64.1703058206668,-19.3343283885302,1
1551,SyntheticStation_551,SS_551,64.0850959979400,-19.3394232939592,1
1552,SyntheticStation_552,SS_552,63.9998849504744,-19.3444834880137,1
1553,SyntheticStation_553,SS_553,63.9146726780507,-19.3495093090732,1
1554,SyntheticStation_554,SS_554,63.8294591804306,-19.3545010911128,1
1555,SyntheticStation_555,SS_555,63.7442444573572,-19.3594591637751,1
1556,SyntheticStation_556,SS_556,63.6589646531615,-19.3587771508903,1
1557,SyntheticStation_557,SS_557,63.5801787076875,-19.3587771508903,1
1558,SyntheticStation_558,SS_558,63.5801787076875,-19.5446444341210,1
1559,SyntheticStation_559,SS_559,63.5819946325157,-19.7364236746655,1
1560,SyntheticStation_560,SS_560,63.5834753856939,-19.9176902402751,1
1561,SyntheticStation_561,SS_561,63.5847273305470,-20.0989763346446,1
1562,SyntheticStation_562,SS_562,63.5857504246211,-20.2802786894940,1
1563,SyntheticStation_563,SS_563,64.5086904864975,-22.2251614354785,1
1564,SyntheticStation_564,SS_564,64.5101744127636,-22.0314510755525,1
1565,SyntheticStation_565,SS_565,64.5114035994731,-21.8377193120378,1
1566,SyntheticStation_566,SS_566,64.5123779993772,-21.6439701620516,1
1567,SyntheticStation_567,SS_567,64.5130975750147,-21.4502076449375,1
1568,SyntheticStation_568,SS_568,64.5135622987178,-21.2564357817517,1
1569,SyntheticStation_569,SS_569,64.5137721526161,-21.0626585947478,1
1570,SyntheticStation_570,SS_570,64.5137271286395,-20.8688801068614,1
1571,SyntheticStation_571,SS_571,64.5134272285194,-20.6751043411952,1
1572,SyntheticStation_572,SS_572,64.5128724637886,-20.4813353205025,1
1573,SyntheticStation_573,SS_573,64.5120628557792,-20.2875770666729,1
1574,SyntheticStation_574,SS_574,64.5109984356198,-20.0938336002163,1
1575,SyntheticStation_575,SS_575,64.5096792442300,-19.9001089397484,1
1576,SyntheticStation_576,SS_576,64.5081053323148,-19.7064071014769,1
1577,SyntheticStation_577,SS_577,64.5062767603562,-19.5127320986878,1
1578,SyntheticStation_578,SS_578,64.5041935985620,-19.3190879375225,1
1579,SyntheticStation_579,SS_579,64.5041935985620,-19.1372937515275,1
1580,SyntheticStation_580,SS_580,64.4212180123188,-19.1372937515275,1
1581,SyntheticStation_581,SS_581,64.3369200859702,-19.1429944530444,1
1582,SyntheticStation_582,SS_582,64.2526209108847,-19.1486563881229,1
1583,SyntheticStation_583,SS_583,64.1683204875460,-19.1542799343304,1
1584,SyntheticStation_584,SS_584,64.0840188162660,-19.1598654643356,1
1585,SyntheticStation_585,SS_585,63.9997158973310,-19.1654133459778,1
1586,SyntheticStation_586,SS_586,63.9154117310021,-19.1709239423444,1
1587,SyntheticStation_587,SS_587,63.8311063175165,-19.1763976118479,1
1588,SyntheticStation_588,SS_588,63.7467996570871,-19.1818347083002,1
1589,SyntheticStation_589,SS_589,63.6624917499038,-19.1872355809863,1
1590,SyntheticStation_590,SS_590,63.5779926598749,-19.1775786261020,1
1591,SyntheticStation_591,SS_591,63.4994403650856,-19.1775786261020,1
1592,SyntheticStation_592,SS_592,63.4994403650856,-19.3634123581547,1
1593,SyntheticStation_593,SS_593,63.5014013929282,-19.5451629322647,1
